ID,Year,Rank,Release Group,Worldwide,Domestic,Domestic %,Foreign,Foreign %,Release URL,Domestic % Numeric,Foreign % Numeric,Serial-world category,Period,Serial narrative world
1,1977,1,Star Wars: Episode IV - A New Hope,307263857,307263857.0,100%,,,https://www.boxofficemojo.com/releasegroup/gr22499845/?ref_=bo_ydw_table_1,100.0,,Fantasy saga,1977–1989,True
2,1977,2,Smokey and the Bandit,126748082,126737428.0,100%,87.0,<0.1%,https://www.boxofficemojo.com/releasegroup/gr1304711685/?ref_=bo_ydw_table_2,100.0,0.1,Outside the serial-world dictionary,1977–1989,False
3,1977,3,Close Encounters of the Third Kind,116400854,116395460.0,100%,2696.0,<0.1%,https://www.boxofficemojo.com/releasegroup/gr544363013/?ref_=bo_ydw_table_3,100.0,0.1,Outside the serial-world dictionary,1977–1989,False
4,1977,4,Saturday Night Fever,94214336,94213184.0,100%,,,https://www.boxofficemojo.com/releasegroup/gr3946861061/?ref_=bo_ydw_table_4,100.0,,Outside the serial-world dictionary,1977–1989,False
5,1977,5,A Bridge Too Far,50750000,50750000.0,100%,,,https://www.boxofficemojo.com/releasegroup/gr3980546565/?ref_=bo_ydw_table_5,100.0,,Outside the serial-world dictionary,1977–1989,False
6,1977,6,The Deep,47346365,47346365.0,100%,,,https://www.boxofficemojo.com/releasegroup/gr4096283141/?ref_=bo_ydw_table_6,100.0,,Outside the serial-world dictionary,1977–1989,False
7,1977,7,The Spy Who Loved Me,46840770,46838673.0,100%,,,https://www.boxofficemojo.com/releasegroup/gr2182173189/?ref_=bo_ydw_table_7,100.0,,Action and service hero,1977–1989,True
8,1977,8,"Oh, God!",41687243,41687243.0,100%,,,https://www.boxofficemojo.com/releasegroup/gr1932218885/?ref_=bo_ydw_table_8,100.0,,Outside the serial-world dictionary,1977–1989,False
9,1977,9,Annie Hall,38258186,38251425.0,100%,5771.0,<0.1%,https://www.boxofficemojo.com/releasegroup/gr2367246853/?ref_=bo_ydw_table_9,100.0,0.1,Outside the serial-world dictionary,1977–1989,False
10,1977,10,Semi-Tough,37187139,37187139.0,100%,,,https://www.boxofficemojo.com/releasegroup/gr4039791109/?ref_=bo_ydw_table_10,100.0,,Outside the serial-world dictionary,1977–1989,False
11,1977,11,Pete's Dragon,35488000,35488000.0,100%,,,https://www.boxofficemojo.com/releasegroup/gr2990952965/?ref_=bo_ydw_table_11,100.0,,Outside the serial-world dictionary,1977–1989,False
12,1977,12,Heroes,33500000,33500000.0,100%,,,https://www.boxofficemojo.com/releasegroup/gr861884933/?ref_=bo_ydw_table_12,100.0,,Outside the serial-world dictionary,1977–1989,False
13,1977,13,High Anxiety,31063038,31063038.0,100%,,,https://www.boxofficemojo.com/releasegroup/gr1358385669/?ref_=bo_ydw_table_13,100.0,,Outside the serial-world dictionary,1977–1989,False
14,1977,14,Exorcist II: The Heretic,30749142,30749142.0,100%,,,https://www.boxofficemojo.com/releasegroup/gr3573502469/?ref_=bo_ydw_table_14,100.0,,Outside the serial-world dictionary,1977–1989,False
15,1977,15,The Rescuers,29000120,29000000.0,100%,,,https://www.boxofficemojo.com/releasegroup/gr4279652869/?ref_=bo_ydw_table_15,100.0,,Outside the serial-world dictionary,1977–1989,False
16,1977,16,Slap Shot,28000000,28000000.0,100%,,,https://www.boxofficemojo.com/releasegroup/gr4224143877/?ref_=bo_ydw_table_16,100.0,,Outside the serial-world dictionary,1977–1989,False
17,1977,17,Herbie Goes to Monte Carlo,28000000,28000000.0,100%,,,https://www.boxofficemojo.com/releasegroup/gr3274920453/?ref_=bo_ydw_table_17,100.0,,Outside the serial-world dictionary,1977–1989,False
18,1977,18,The Gauntlet,26414658,26414658.0,100%,,,https://www.boxofficemojo.com/releasegroup/gr3289141765/?ref_=bo_ydw_table_18,100.0,,Outside the serial-world dictionary,1977–1989,False
19,1977,19,The Turning Point,25933445,25933445.0,100%,,,https://www.boxofficemojo.com/releasegroup/gr974803461/?ref_=bo_ydw_table_19,100.0,,Outside the serial-world dictionary,1977–1989,False
20,1977,20,Freaky Friday,25642000,25642000.0,100%,,,https://www.boxofficemojo.com/releasegroup/gr36065797/?ref_=bo_ydw_table_20,100.0,,Outside the serial-world dictionary,1977–1989,False
41,1978,1,Grease,160019480,159978870.0,100%,1179.0,<0.1%,https://www.boxofficemojo.com/releasegroup/gr4128330245/?ref_=bo_ydw_table_1,100.0,0.1,Outside the serial-world dictionary,1977–1989,False
42,1978,2,Superman,134220479,134218018.0,100%,2461.0,<0.1%,https://www.boxofficemojo.com/releasegroup/gr301552133/?ref_=bo_ydw_table_2,100.0,0.1,Comic-book superhero,1977–1989,True
43,1978,3,National Lampoon's Animal House,120098342,120091123.0,100%,7219.0,<0.1%,https://www.boxofficemojo.com/releasegroup/gr4211036677/?ref_=bo_ydw_table_3,100.0,0.1,Outside the serial-world dictionary,1977–1989,False
44,1978,4,Every Which Way But Loose,85196485,85196485.0,100%,,,https://www.boxofficemojo.com/releasegroup/gr2187088389/?ref_=bo_ydw_table_4,100.0,,Outside the serial-world dictionary,1977–1989,False
45,1978,5,Heaven Can Wait,81640278,81640278.0,100%,,,https://www.boxofficemojo.com/releasegroup/gr594694661/?ref_=bo_ydw_table_5,100.0,,Outside the serial-world dictionary,1977–1989,False
46,1978,6,Hooper,78000000,78000000.0,100%,,,https://www.boxofficemojo.com/releasegroup/gr3429913093/?ref_=bo_ydw_table_6,100.0,,Outside the serial-world dictionary,1977–1989,False
47,1978,7,Jaws 2,77737272,77737272.0,100%,,,https://www.boxofficemojo.com/releasegroup/gr3204928005/?ref_=bo_ydw_table_7,100.0,,Outside the serial-world dictionary,1977–1989,False
48,1978,8,Revenge of the Pink Panther,49579269,49579269.0,100%,,,https://www.boxofficemojo.com/releasegroup/gr2652328453/?ref_=bo_ydw_table_8,100.0,,Outside the serial-world dictionary,1977–1989,False
49,1978,9,The Deer Hunter,48996247,48979328.0,100%,12498.0,<0.1%,https://www.boxofficemojo.com/releasegroup/gr2974175749/?ref_=bo_ydw_table_9,100.0,0.1,Outside the serial-world dictionary,1977–1989,False
50,1978,10,Halloween,47001351,47000000.0,100%,438.0,<0.1%,https://www.boxofficemojo.com/releasegroup/gr2681950725/?ref_=bo_ydw_table_10,100.0,0.1,Outside the serial-world dictionary,1977–1989,False
51,1978,11,Foul Play,44999621,44999621.0,100%,,,https://www.boxofficemojo.com/releasegroup/gr404967941/?ref_=bo_ydw_table_11,100.0,,Outside the serial-world dictionary,1977–1989,False
52,1978,12,The End,44917151,44917151.0,100%,,,https://www.boxofficemojo.com/releasegroup/gr3413332485/?ref_=bo_ydw_table_12,100.0,,Outside the serial-world dictionary,1977–1989,False
53,1978,13,Up in Smoke,44364244,44364244.0,100%,,,https://www.boxofficemojo.com/releasegroup/gr425218565/?ref_=bo_ydw_table_13,100.0,,Outside the serial-world dictionary,1977–1989,False
54,1978,14,Midnight Express,35000000,35000000.0,100%,,,https://www.boxofficemojo.com/releasegroup/gr4277555717/?ref_=bo_ydw_table_14,100.0,,Outside the serial-world dictionary,1977–1989,False
55,1978,15,Coming Home,32653905,32653905.0,100%,,,https://www.boxofficemojo.com/releasegroup/gr2320716293/?ref_=bo_ydw_table_15,100.0,,Outside the serial-world dictionary,1977–1989,False
56,1978,16,The Lord of the Rings,30474857,30471420.0,100%,,,https://www.boxofficemojo.com/releasegroup/gr4240921093/?ref_=bo_ydw_table_16,100.0,,Fantasy saga,1977–1989,True
57,1978,17,House Calls,28460702,28460702.0,100%,,,https://www.boxofficemojo.com/releasegroup/gr2521387525/?ref_=bo_ydw_table_17,100.0,,Outside the serial-world dictionary,1977–1989,False
58,1978,18,Damien: Omen II,26518355,26518355.0,100%,,,https://www.boxofficemojo.com/releasegroup/gr2864927237/?ref_=bo_ydw_table_18,100.0,,Outside the serial-world dictionary,1977–1989,False
59,1978,19,Invasion of the Body Snatchers,24947762,24946533.0,100%,,,https://www.boxofficemojo.com/releasegroup/gr3209515525/?ref_=bo_ydw_table_19,100.0,,Outside the serial-world dictionary,1977–1989,False
60,1978,20,Convoy,22765081,22765081.0,100%,,,https://www.boxofficemojo.com/releasegroup/gr1631212037/?ref_=bo_ydw_table_20,100.0,,Outside the serial-world dictionary,1977–1989,False
97,1979,1,Kramer vs. Kramer,106260000,106260000.0,100%,,,https://www.boxofficemojo.com/releasegroup/gr3174191621/?ref_=bo_ydw_table_1,100.0,,Outside the serial-world dictionary,1977–1989,False
98,1979,2,The Amityville Horror,86432000,86432000.0,100%,,,https://www.boxofficemojo.com/releasegroup/gr3392098821/?ref_=bo_ydw_table_2,100.0,,Outside the serial-world dictionary,1977–1989,False
99,1979,3,Rocky II,85182160,85182160.0,100%,,,https://www.boxofficemojo.com/releasegroup/gr2796179973/?ref_=bo_ydw_table_3,100.0,,Action and service hero,1977–1989,True
100,1979,4,Star Trek: The Motion Picture,82258812,82258456.0,100%,,,https://www.boxofficemojo.com/releasegroup/gr98062853/?ref_=bo_ydw_table_4,100.0,,Fantasy saga,1977–1989,True
101,1979,5,Apocalypse Now,79074591,78784010.0,99.6%,290581.0,0.4%,https://www.boxofficemojo.com/releasegroup/gr659182085/?ref_=bo_ydw_table_5,99.6,0.4,Outside the serial-world dictionary,1977–1989,False
102,1979,6,Alien,79016030,78944891.0,99.9%,60098.0,<0.1%,https://www.boxofficemojo.com/releasegroup/gr1761825285/?ref_=bo_ydw_table_6,99.9,0.1,Fantasy saga,1977–1989,True
103,1979,7,10,74865517,74865517.0,100%,,,https://www.boxofficemojo.com/releasegroup/gr2819117573/?ref_=bo_ydw_table_7,100.0,,Outside the serial-world dictionary,1977–1989,False
104,1979,8,The Jerk,73691419,73691419.0,100%,,,https://www.boxofficemojo.com/releasegroup/gr1766347269/?ref_=bo_ydw_table_8,100.0,,Outside the serial-world dictionary,1977–1989,False
105,1979,9,Moonraker,70308533,70308099.0,100%,,,https://www.boxofficemojo.com/releasegroup/gr992956933/?ref_=bo_ydw_table_9,100.0,,Action and service hero,1977–1989,True
106,1979,10,The Muppet Movie,65203496,65200000.0,100%,,,https://www.boxofficemojo.com/releasegroup/gr1993757189/?ref_=bo_ydw_table_10,100.0,,Outside the serial-world dictionary,1977–1989,False
107,1979,11,The Electric Horseman,61801971,61801971.0,100%,,,https://www.boxofficemojo.com/releasegroup/gr2043957765/?ref_=bo_ydw_table_11,100.0,,Outside the serial-world dictionary,1977–1989,False
108,1979,12,The China Syndrome,51718367,51718367.0,100%,,,https://www.boxofficemojo.com/releasegroup/gr1238979077/?ref_=bo_ydw_table_12,100.0,,Outside the serial-world dictionary,1977–1989,False
109,1979,13,Meatballs,43046003,43046003.0,100%,,,https://www.boxofficemojo.com/releasegroup/gr1808093701/?ref_=bo_ydw_table_13,100.0,,Outside the serial-world dictionary,1977–1989,False
110,1979,14,Escape from Alcatraz,43000000,43000000.0,100%,,,https://www.boxofficemojo.com/releasegroup/gr1079792133/?ref_=bo_ydw_table_14,100.0,,Outside the serial-world dictionary,1977–1989,False
111,1979,15,The Main Event,42800000,42800000.0,100%,,,https://www.boxofficemojo.com/releasegroup/gr2788119045/?ref_=bo_ydw_table_15,100.0,,Outside the serial-world dictionary,1977–1989,False
112,1979,16,Manhattan,39949579,39946780.0,100%,2799.0,<0.1%,https://www.boxofficemojo.com/releasegroup/gr1629901317/?ref_=bo_ydw_table_16,100.0,0.1,Outside the serial-world dictionary,1977–1989,False
113,1979,17,All That Jazz,37830105,37823676.0,100%,1450.0,<0.1%,https://www.boxofficemojo.com/releasegroup/gr2686079493/?ref_=bo_ydw_table_17,100.0,0.1,Outside the serial-world dictionary,1977–1989,False
114,1979,18,The Black Stallion,37799643,37799643.0,100%,,,https://www.boxofficemojo.com/releasegroup/gr424169989/?ref_=bo_ydw_table_18,100.0,,Outside the serial-world dictionary,1977–1989,False
115,1979,19,The Black Hole,35841901,35841901.0,100%,,,https://www.boxofficemojo.com/releasegroup/gr1968525829/?ref_=bo_ydw_table_19,100.0,,Outside the serial-world dictionary,1977–1989,False
116,1979,20,Starting Over,35649012,35649012.0,100%,,,https://www.boxofficemojo.com/releasegroup/gr2855096837/?ref_=bo_ydw_table_20,100.0,,Outside the serial-world dictionary,1977–1989,False
181,1980,1,Star Wars: Episode V - The Empire Strikes Back,209398025,209398025.0,100%,,,https://www.boxofficemojo.com/releasegroup/gr2361938437/?ref_=bo_ydw_table_1,100.0,,Fantasy saga,1977–1989,True
182,1980,2,9 to 5,103308494,103290500.0,100%,,,https://www.boxofficemojo.com/releasegroup/gr1953583621/?ref_=bo_ydw_table_2,100.0,,Outside the serial-world dictionary,1977–1989,False
183,1980,3,Stir Crazy,101300000,101300000.0,100%,,,https://www.boxofficemojo.com/releasegroup/gr1145065989/?ref_=bo_ydw_table_3,100.0,,Outside the serial-world dictionary,1977–1989,False
184,1980,4,Airplane!,83455109,83453539.0,100%,,,https://www.boxofficemojo.com/releasegroup/gr1580618245/?ref_=bo_ydw_table_4,100.0,,Outside the serial-world dictionary,1977–1989,False
185,1980,5,Any Which Way You Can,70687344,70687344.0,100%,,,https://www.boxofficemojo.com/releasegroup/gr417616389/?ref_=bo_ydw_table_5,100.0,,Outside the serial-world dictionary,1977–1989,False
186,1980,6,Private Benjamin,69847348,69847348.0,100%,,,https://www.boxofficemojo.com/releasegroup/gr3504886277/?ref_=bo_ydw_table_6,100.0,,Outside the serial-world dictionary,1977–1989,False
187,1980,7,Coal Miner's Daughter,67182787,67182787.0,100%,,,https://www.boxofficemojo.com/releasegroup/gr3996733957/?ref_=bo_ydw_table_7,100.0,,Outside the serial-world dictionary,1977–1989,False
188,1980,8,Smokey and the Bandit II,66132626,66132626.0,100%,,,https://www.boxofficemojo.com/releasegroup/gr2084655621/?ref_=bo_ydw_table_8,100.0,,Outside the serial-world dictionary,1977–1989,False
189,1980,9,The Blue Lagoon,58853243,58853106.0,100%,,,https://www.boxofficemojo.com/releasegroup/gr172052997/?ref_=bo_ydw_table_9,100.0,,Outside the serial-world dictionary,1977–1989,False
190,1980,10,The Blues Brothers,57288320,57229890.0,99.9%,691.0,<0.1%,https://www.boxofficemojo.com/releasegroup/gr3322958341/?ref_=bo_ydw_table_10,99.9,0.1,Outside the serial-world dictionary,1977–1989,False
191,1980,11,Ordinary People,54766923,54766923.0,100%,,,https://www.boxofficemojo.com/releasegroup/gr2876723717/?ref_=bo_ydw_table_11,100.0,,Outside the serial-world dictionary,1977–1989,False
192,1980,12,Popeye,49825017,49823037.0,100%,,,https://www.boxofficemojo.com/releasegroup/gr4089598469/?ref_=bo_ydw_table_12,100.0,,Outside the serial-world dictionary,1977–1989,False
193,1980,13,Urban Cowboy,46918287,46918287.0,100%,,,https://www.boxofficemojo.com/releasegroup/gr444224005/?ref_=bo_ydw_table_13,100.0,,Outside the serial-world dictionary,1977–1989,False
194,1980,14,The Shining,44214308,44017374.0,99.6%,189093.0,0.4%,https://www.boxofficemojo.com/releasegroup/gr788943365/?ref_=bo_ydw_table_14,99.6,0.4,Outside the serial-world dictionary,1977–1989,False
195,1980,15,Seems Like Old Times,43995918,43995918.0,100%,,,https://www.boxofficemojo.com/releasegroup/gr3152957957/?ref_=bo_ydw_table_15,100.0,,Outside the serial-world dictionary,1977–1989,False
196,1980,16,Cheech and Chong's Next Movie,41675194,41675194.0,100%,,,https://www.boxofficemojo.com/releasegroup/gr233460229/?ref_=bo_ydw_table_16,100.0,,Outside the serial-world dictionary,1977–1989,False
197,1980,17,Caddyshack,39847054,39846344.0,100%,,,https://www.boxofficemojo.com/releasegroup/gr1529434629/?ref_=bo_ydw_table_17,100.0,,Outside the serial-world dictionary,1977–1989,False
198,1980,18,Friday the 13th,39761854,39754601.0,100%,,,https://www.boxofficemojo.com/releasegroup/gr3463074309/?ref_=bo_ydw_table_18,100.0,,Outside the serial-world dictionary,1977–1989,False
199,1980,19,Brubaker,37121708,37121708.0,100%,,,https://www.boxofficemojo.com/releasegroup/gr1714704901/?ref_=bo_ydw_table_19,100.0,,Outside the serial-world dictionary,1977–1989,False
200,1980,20,Little Darlings,34326249,34326249.0,100%,,,https://www.boxofficemojo.com/releasegroup/gr206262789/?ref_=bo_ydw_table_20,100.0,,Outside the serial-world dictionary,1977–1989,False
299,1981,1,Superman II,216385706,108185706.0,50%,108200000.0,50%,https://www.boxofficemojo.com/releasegroup/gr1042895365/?ref_=bo_ydw_table_1,50.0,50.0,Comic-book superhero,1977–1989,True
300,1981,2,Raiders of the Lost Ark,212314373,212222025.0,100%,,,https://www.boxofficemojo.com/releasegroup/gr593449477/?ref_=bo_ydw_table_2,100.0,,Outside the serial-world dictionary,1977–1989,False
301,1981,3,On Golden Pond,119285432,119285432.0,100%,,,https://www.boxofficemojo.com/releasegroup/gr692933125/?ref_=bo_ydw_table_3,100.0,,Outside the serial-world dictionary,1977–1989,False
302,1981,4,Arthur,95461682,95461682.0,100%,,,https://www.boxofficemojo.com/releasegroup/gr3228717573/?ref_=bo_ydw_table_4,100.0,,Outside the serial-world dictionary,1977–1989,False
303,1981,5,Stripes,85297000,85297000.0,100%,,,https://www.boxofficemojo.com/releasegroup/gr2109755909/?ref_=bo_ydw_table_5,100.0,,Outside the serial-world dictionary,1977–1989,False
304,1981,6,The Cannonball Run,72179579,72179579.0,100%,,,https://www.boxofficemojo.com/releasegroup/gr156193285/?ref_=bo_ydw_table_6,100.0,,Outside the serial-world dictionary,1977–1989,False
305,1981,7,Chariots of Fire,58974508,58972904.0,100%,,,https://www.boxofficemojo.com/releasegroup/gr3150926341/?ref_=bo_ydw_table_7,100.0,,Outside the serial-world dictionary,1977–1989,False
306,1981,8,For Your Eyes Only,54814350,54812802.0,100%,,,https://www.boxofficemojo.com/releasegroup/gr2611696133/?ref_=bo_ydw_table_8,100.0,,Action and service hero,1977–1989,True
307,1981,9,The Four Seasons,50427646,50427646.0,100%,,,https://www.boxofficemojo.com/releasegroup/gr3921957381/?ref_=bo_ydw_table_9,100.0,,Outside the serial-world dictionary,1977–1989,False
308,1981,10,Time Bandits,42365581,42365581.0,100%,,,https://www.boxofficemojo.com/releasegroup/gr643453445/?ref_=bo_ydw_table_10,100.0,,Outside the serial-world dictionary,1977–1989,False
309,1981,11,Clash of the Titans,41092328,41092328.0,100%,,,https://www.boxofficemojo.com/releasegroup/gr1327911429/?ref_=bo_ydw_table_11,100.0,,Fantasy saga,1977–1989,True
310,1981,12,Absence of Malice,40716963,40716963.0,100%,,,https://www.boxofficemojo.com/releasegroup/gr2655343109/?ref_=bo_ydw_table_12,100.0,,Outside the serial-world dictionary,1977–1989,False
311,1981,13,Reds,40383050,40382659.0,100%,129.0,<0.1%,https://www.boxofficemojo.com/releasegroup/gr2605601285/?ref_=bo_ydw_table_13,100.0,0.1,Outside the serial-world dictionary,1977–1989,False
312,1981,14,The Fox and the Hound,39900000,39900000.0,100%,,,https://www.boxofficemojo.com/releasegroup/gr3106427397/?ref_=bo_ydw_table_14,100.0,,Outside the serial-world dictionary,1977–1989,False
313,1981,15,Tarzan the Ape Man,36565280,36565280.0,100%,,,https://www.boxofficemojo.com/releasegroup/gr3531231749/?ref_=bo_ydw_table_15,100.0,,Outside the serial-world dictionary,1977–1989,False
314,1981,16,Taps,35856053,35856053.0,100%,,,https://www.boxofficemojo.com/releasegroup/gr1826902533/?ref_=bo_ydw_table_16,100.0,,Outside the serial-world dictionary,1977–1989,False
315,1981,17,Sharky's Machine,35610100,35610100.0,100%,,,https://www.boxofficemojo.com/releasegroup/gr1395347973/?ref_=bo_ydw_table_17,100.0,,Outside the serial-world dictionary,1977–1989,False
316,1981,18,Excalibur,34968405,34967437.0,100%,,,https://www.boxofficemojo.com/releasegroup/gr2863288837/?ref_=bo_ydw_table_18,100.0,,Outside the serial-world dictionary,1977–1989,False
317,1981,19,Endless Love,32492674,31184024.0,96%,1308650.0,4%,https://www.boxofficemojo.com/releasegroup/gr3608629765/?ref_=bo_ydw_table_19,96.0,4.0,Outside the serial-world dictionary,1977–1989,False
318,1981,20,History of the World: Part I,31672907,31672907.0,100%,,,https://www.boxofficemojo.com/releasegroup/gr3927003653/?ref_=bo_ydw_table_20,100.0,,Outside the serial-world dictionary,1977–1989,False
415,1982,1,E.T. the Extra-Terrestrial,359311596,359197037.0,100%,102303.0,<0.1%,https://www.boxofficemojo.com/releasegroup/gr2980663813/?ref_=bo_ydw_table_1,100.0,0.1,Outside the serial-world dictionary,1977–1989,False
416,1982,2,Tootsie,177200000,177200000.0,100%,,,https://www.boxofficemojo.com/releasegroup/gr459559429/?ref_=bo_ydw_table_2,100.0,,Outside the serial-world dictionary,1977–1989,False
417,1982,3,An Officer and a Gentleman,129795554,129795554.0,100%,,,https://www.boxofficemojo.com/releasegroup/gr4023538181/?ref_=bo_ydw_table_3,100.0,,Outside the serial-world dictionary,1977–1989,False
418,1982,4,Rocky III,124146897,124146897.0,100%,,,https://www.boxofficemojo.com/releasegroup/gr3100791301/?ref_=bo_ydw_table_4,100.0,,Action and service hero,1977–1989,True
419,1982,5,Porky's,105492483,105492483.0,100%,,,https://www.boxofficemojo.com/releasegroup/gr2440122885/?ref_=bo_ydw_table_5,100.0,,Outside the serial-world dictionary,1977–1989,False
420,1982,6,Star Trek II: The Wrath of Khan,78914628,78912963.0,100%,,,https://www.boxofficemojo.com/releasegroup/gr4030288389/?ref_=bo_ydw_table_6,100.0,,Fantasy saga,1977–1989,True
421,1982,7,48 Hrs.,78868508,78868508.0,100%,,,https://www.boxofficemojo.com/releasegroup/gr834753029/?ref_=bo_ydw_table_7,100.0,,Outside the serial-world dictionary,1977–1989,False
422,1982,8,Poltergeist,76607576,76606280.0,100%,,,https://www.boxofficemojo.com/releasegroup/gr3527430661/?ref_=bo_ydw_table_8,100.0,,Outside the serial-world dictionary,1977–1989,False
423,1982,9,The Best Little Whorehouse in Texas,69702172,69701637.0,100%,,,https://www.boxofficemojo.com/releasegroup/gr685462021/?ref_=bo_ydw_table_9,100.0,,Outside the serial-world dictionary,1977–1989,False
424,1982,10,Annie,61038097,57059003.0,93.5%,3979094.0,6.5%,https://www.boxofficemojo.com/releasegroup/gr4089860613/?ref_=bo_ydw_table_10,93.5,6.5,Outside the serial-world dictionary,1977–1989,False
425,1982,11,The Verdict,53978351,53977250.0,100%,1101.0,<0.1%,https://www.boxofficemojo.com/releasegroup/gr3446886917/?ref_=bo_ydw_table_11,100.0,0.1,Outside the serial-world dictionary,1977–1989,False
426,1982,12,Gandhi,52769114,52767889.0,100%,,,https://www.boxofficemojo.com/releasegroup/gr1172132357/?ref_=bo_ydw_table_12,100.0,,Outside the serial-world dictionary,1977–1989,False
427,1982,13,First Blood,47212904,47212904.0,100%,,,https://www.boxofficemojo.com/releasegroup/gr726684165/?ref_=bo_ydw_table_13,100.0,,Outside the serial-world dictionary,1977–1989,False
428,1982,14,The Toy,47118057,47118057.0,100%,,,https://www.boxofficemojo.com/releasegroup/gr3040367109/?ref_=bo_ydw_table_14,100.0,,Outside the serial-world dictionary,1977–1989,False
429,1982,15,Firefox,46708276,46708276.0,100%,,,https://www.boxofficemojo.com/releasegroup/gr2059883013/?ref_=bo_ydw_table_15,100.0,,Outside the serial-world dictionary,1977–1989,False
430,1982,16,The Dark Crystal,43574795,40577001.0,93.1%,2992898.0,6.9%,https://www.boxofficemojo.com/releasegroup/gr3424866821/?ref_=bo_ydw_table_16,93.1,6.9,Outside the serial-world dictionary,1977–1989,False
431,1982,17,Conan the Barbarian,39566761,39565475.0,100%,,,https://www.boxofficemojo.com/releasegroup/gr168776197/?ref_=bo_ydw_table_17,100.0,,Outside the serial-world dictionary,1977–1989,False
432,1982,18,The Sword and the Sorcerer,39103425,39103425.0,100%,,,https://www.boxofficemojo.com/releasegroup/gr3194376709/?ref_=bo_ydw_table_18,100.0,,Outside the serial-world dictionary,1977–1989,False
433,1982,19,Best Friends,36821203,36821203.0,100%,,,https://www.boxofficemojo.com/releasegroup/gr544297477/?ref_=bo_ydw_table_19,100.0,,Outside the serial-world dictionary,1977–1989,False
434,1982,20,Richard Pryor: Live on the Sunset Strip,36299720,36299720.0,100%,,,https://www.boxofficemojo.com/releasegroup/gr4178924037/?ref_=bo_ydw_table_20,100.0,,Outside the serial-world dictionary,1977–1989,False
547,1983,1,Star Wars: Episode VI - Return of the Jedi,252601637,252583617.0,100%,18020.0,<0.1%,https://www.boxofficemojo.com/releasegroup/gr638341637/?ref_=bo_ydw_table_1,100.0,0.1,Fantasy saga,1977–1989,True
548,1983,2,Terms of Endearment,108423489,108423489.0,100%,,,https://www.boxofficemojo.com/releasegroup/gr385700357/?ref_=bo_ydw_table_2,100.0,,Outside the serial-world dictionary,1977–1989,False
549,1983,3,Flashdance,92921203,92921203.0,100%,,,https://www.boxofficemojo.com/releasegroup/gr1830769157/?ref_=bo_ydw_table_3,100.0,,Outside the serial-world dictionary,1977–1989,False
550,1983,4,Trading Places,90404800,90404800.0,100%,,,https://www.boxofficemojo.com/releasegroup/gr3011334661/?ref_=bo_ydw_table_4,100.0,,Outside the serial-world dictionary,1977–1989,False
551,1983,5,Superman III,80250623,59950623.0,74.7%,20300000.0,25.3%,https://www.boxofficemojo.com/releasegroup/gr1565348357/?ref_=bo_ydw_table_5,74.7,25.3,Comic-book superhero,1977–1989,True
552,1983,6,WarGames,79567667,79567667.0,100%,,,https://www.boxofficemojo.com/releasegroup/gr2155237893/?ref_=bo_ydw_table_6,100.0,,Outside the serial-world dictionary,1977–1989,False
553,1983,7,Octopussy,67918457,67893619.0,100%,23475.0,<0.1%,https://www.boxofficemojo.com/releasegroup/gr3638710789/?ref_=bo_ydw_table_7,100.0,0.1,Action and service hero,1977–1989,True
554,1983,8,Sudden Impact,67642693,67642693.0,100%,,,https://www.boxofficemojo.com/releasegroup/gr3888337413/?ref_=bo_ydw_table_8,100.0,,Outside the serial-world dictionary,1977–1989,False
555,1983,9,Staying Alive,64893329,64892670.0,100%,,,https://www.boxofficemojo.com/releasegroup/gr2435404293/?ref_=bo_ydw_table_9,100.0,,Outside the serial-world dictionary,1977–1989,False
556,1983,10,Mr. Mom,64783827,64783827.0,100%,,,https://www.boxofficemojo.com/releasegroup/gr2653508101/?ref_=bo_ydw_table_10,100.0,,Outside the serial-world dictionary,1977–1989,False
557,1983,11,Risky Business,63541828,63541777.0,100%,51.0,<0.1%,https://www.boxofficemojo.com/releasegroup/gr757486085/?ref_=bo_ydw_table_11,100.0,0.1,Outside the serial-world dictionary,1977–1989,False
558,1983,12,National Lampoon's Vacation,61399851,61399552.0,100%,,,https://www.boxofficemojo.com/releasegroup/gr4238955013/?ref_=bo_ydw_table_12,100.0,,Outside the serial-world dictionary,1977–1989,False
559,1983,13,The Big Chill,56342768,56342711.0,100%,,,https://www.boxofficemojo.com/releasegroup/gr4209857029/?ref_=bo_ydw_table_13,100.0,,Outside the serial-world dictionary,1977–1989,False
560,1983,14,Never Say Never Again,55433185,55432841.0,100%,,,https://www.boxofficemojo.com/releasegroup/gr3318370821/?ref_=bo_ydw_table_14,100.0,,Outside the serial-world dictionary,1977–1989,False
561,1983,15,Jaws 3-D,45517055,45517055.0,100%,,,https://www.boxofficemojo.com/releasegroup/gr1540641285/?ref_=bo_ydw_table_15,100.0,,Outside the serial-world dictionary,1977–1989,False
562,1983,16,Scarface,45236881,45227398.0,100%,501.0,<0.1%,https://www.boxofficemojo.com/releasegroup/gr2949272069/?ref_=bo_ydw_table_16,100.0,0.1,Outside the serial-world dictionary,1977–1989,False
563,1983,17,Blue Thunder,42313354,42313354.0,100%,,,https://www.boxofficemojo.com/releasegroup/gr450253317/?ref_=bo_ydw_table_17,100.0,,Outside the serial-world dictionary,1977–1989,False
564,1983,18,Yentl,40219251,40218899.0,100%,,,https://www.boxofficemojo.com/releasegroup/gr906514949/?ref_=bo_ydw_table_18,100.0,,Outside the serial-world dictionary,1977–1989,False
565,1983,19,Silkwood,35616970,35615609.0,100%,,,https://www.boxofficemojo.com/releasegroup/gr3172684293/?ref_=bo_ydw_table_19,100.0,,Outside the serial-world dictionary,1977–1989,False
566,1983,20,Psycho II,34725614,34725000.0,100%,,,https://www.boxofficemojo.com/releasegroup/gr1294356997/?ref_=bo_ydw_table_20,100.0,,Outside the serial-world dictionary,1977–1989,False
706,1984,1,Ghostbusters,237873776,229242989.0,96.4%,8630787.0,3.6%,https://www.boxofficemojo.com/releasegroup/gr2193641989/?ref_=bo_ydw_table_1,96.4,3.6,Fantasy saga,1977–1989,True
707,1984,2,Beverly Hills Cop,234760911,234760478.0,100%,,,https://www.boxofficemojo.com/releasegroup/gr1817006597/?ref_=bo_ydw_table_2,100.0,,Other serial narrative world,1977–1989,True
708,1984,3,Indiana Jones and the Temple of Doom,179877399,179870271.0,100%,,,https://www.boxofficemojo.com/releasegroup/gr4076687877/?ref_=bo_ydw_table_3,100.0,,Action and service hero,1977–1989,True
709,1984,4,Gremlins,159699933,148168459.0,92.8%,11519905.0,7.2%,https://www.boxofficemojo.com/releasegroup/gr3662762501/?ref_=bo_ydw_table_4,92.8,7.2,Outside the serial-world dictionary,1977–1989,False
710,1984,5,The Karate Kid,90829379,90815558.0,100%,,,https://www.boxofficemojo.com/releasegroup/gr1629245957/?ref_=bo_ydw_table_5,100.0,,Action and service hero,1977–1989,True
711,1984,6,Police Academy,81198894,81198894.0,100%,,,https://www.boxofficemojo.com/releasegroup/gr1498632709/?ref_=bo_ydw_table_6,100.0,,Action and service hero,1977–1989,True
712,1984,7,Footloose,80040933,80035402.0,100%,,,https://www.boxofficemojo.com/releasegroup/gr667767301/?ref_=bo_ydw_table_7,100.0,,Outside the serial-world dictionary,1977–1989,False
713,1984,8,Romancing the Stone,76574562,76572238.0,100%,137.0,<0.1%,https://www.boxofficemojo.com/releasegroup/gr2916110853/?ref_=bo_ydw_table_8,100.0,0.1,Outside the serial-world dictionary,1977–1989,False
714,1984,9,Star Trek III: The Search for Spock,76551989,76471046.0,99.9%,80943.0,0.1%,https://www.boxofficemojo.com/releasegroup/gr997609989/?ref_=bo_ydw_table_9,99.9,0.1,Fantasy saga,1977–1989,True
715,1984,10,Splash,69821334,69821334.0,100%,,,https://www.boxofficemojo.com/releasegroup/gr2231456261/?ref_=bo_ydw_table_10,100.0,,Outside the serial-world dictionary,1977–1989,False
716,1984,11,Purple Rain,68404712,68392977.0,100%,,,https://www.boxofficemojo.com/releasegroup/gr2012697093/?ref_=bo_ydw_table_11,100.0,,Outside the serial-world dictionary,1977–1989,False
717,1984,12,Amadeus,51574669,51564280.0,100%,,,https://www.boxofficemojo.com/releasegroup/gr163860997/?ref_=bo_ydw_table_12,100.0,,Outside the serial-world dictionary,1977–1989,False
718,1984,13,Tightrope,48143579,48143579.0,100%,,,https://www.boxofficemojo.com/releasegroup/gr510480901/?ref_=bo_ydw_table_13,100.0,,Outside the serial-world dictionary,1977–1989,False
719,1984,14,The Natural,47951979,47951979.0,100%,,,https://www.boxofficemojo.com/releasegroup/gr1129337349/?ref_=bo_ydw_table_14,100.0,,Outside the serial-world dictionary,1977–1989,False
720,1984,15,"Greystoke: The Legend of Tarzan, Lord of the Apes",45858563,45858563.0,100%,,,https://www.boxofficemojo.com/releasegroup/gr3103216133/?ref_=bo_ydw_table_15,100.0,,Outside the serial-world dictionary,1977–1989,False
721,1984,16,Revenge of the Nerds,40874452,40874452.0,100%,,,https://www.boxofficemojo.com/releasegroup/gr1081430533/?ref_=bo_ydw_table_16,100.0,,Outside the serial-world dictionary,1977–1989,False
722,1984,17,2010: The Year We Make Contact,40400657,40400657.0,100%,,,https://www.boxofficemojo.com/releasegroup/gr1767199237/?ref_=bo_ydw_table_17,100.0,,Outside the serial-world dictionary,1977–1989,False
723,1984,18,Breakin',38684362,38682707.0,100%,,,https://www.boxofficemojo.com/releasegroup/gr721375749/?ref_=bo_ydw_table_18,100.0,,Outside the serial-world dictionary,1977–1989,False
724,1984,19,Bachelor Party,38435947,38435947.0,100%,,,https://www.boxofficemojo.com/releasegroup/gr792285701/?ref_=bo_ydw_table_19,100.0,,Outside the serial-world dictionary,1977–1989,False
725,1984,20,The Terminator,38389632,38371200.0,100%,411.0,<0.1%,https://www.boxofficemojo.com/releasegroup/gr3923530245/?ref_=bo_ydw_table_20,100.0,0.1,Fantasy saga,1977–1989,True
871,1985,1,Out of Africa,224260502,87071205.0,38.8%,137188277.0,61.2%,https://www.boxofficemojo.com/releasegroup/gr3690484229/?ref_=bo_ydw_table_1,38.8,61.2,Outside the serial-world dictionary,1977–1989,False
872,1985,2,Back to the Future,222677922,212326307.0,95.4%,10344085.0,4.6%,https://www.boxofficemojo.com/releasegroup/gr1241338373/?ref_=bo_ydw_table_2,95.4,4.6,Fantasy saga,1977–1989,True
873,1985,3,Rambo: First Blood Part II,150415432,150415432.0,100%,,,https://www.boxofficemojo.com/releasegroup/gr3978908165/?ref_=bo_ydw_table_3,100.0,,Action and service hero,1977–1989,True
874,1985,4,Rocky IV,127899161,127873716.0,100%,17637.0,<0.1%,https://www.boxofficemojo.com/releasegroup/gr735007237/?ref_=bo_ydw_table_4,100.0,0.1,Action and service hero,1977–1989,True
875,1985,5,The Color Purple,94175854,94175854.0,100%,,,https://www.boxofficemojo.com/releasegroup/gr1561022981/?ref_=bo_ydw_table_5,100.0,,Outside the serial-world dictionary,1977–1989,False
876,1985,6,Cocoon,76113124,76113124.0,100%,,,https://www.boxofficemojo.com/releasegroup/gr3711521285/?ref_=bo_ydw_table_6,100.0,,Outside the serial-world dictionary,1977–1989,False
877,1985,7,The Jewel of the Nile,75973200,75973200.0,100%,,,https://www.boxofficemojo.com/releasegroup/gr4194718213/?ref_=bo_ydw_table_7,100.0,,Outside the serial-world dictionary,1977–1989,False
878,1985,8,Witness,68706993,68706993.0,100%,,,https://www.boxofficemojo.com/releasegroup/gr656232965/?ref_=bo_ydw_table_8,100.0,,Outside the serial-world dictionary,1977–1989,False
879,1985,9,The Goonies,61437231,61389680.0,99.9%,2770.0,<0.1%,https://www.boxofficemojo.com/releasegroup/gr1327059461/?ref_=bo_ydw_table_9,99.9,0.1,Outside the serial-world dictionary,1977–1989,False
880,1985,10,Spies Like Us,60088980,60088980.0,100%,,,https://www.boxofficemojo.com/releasegroup/gr2231063045/?ref_=bo_ydw_table_10,100.0,,Outside the serial-world dictionary,1977–1989,False
881,1985,11,Police Academy 2: Their First Assignment,55600000,55600000.0,100%,,,https://www.boxofficemojo.com/releasegroup/gr1038373381/?ref_=bo_ydw_table_11,100.0,,Action and service hero,1977–1989,True
882,1985,12,Fletch,50612888,50612888.0,100%,,,https://www.boxofficemojo.com/releasegroup/gr685199877/?ref_=bo_ydw_table_12,100.0,,Outside the serial-world dictionary,1977–1989,False
883,1985,13,A View to a Kill,50329279,50327960.0,100%,,,https://www.boxofficemojo.com/releasegroup/gr70603269/?ref_=bo_ydw_table_13,100.0,,Action and service hero,1977–1989,True
884,1985,14,National Lampoon's European Vacation,49364621,49364621.0,100%,,,https://www.boxofficemojo.com/releasegroup/gr1564234245/?ref_=bo_ydw_table_14,100.0,,Outside the serial-world dictionary,1977–1989,False
885,1985,15,Mask,48230162,48230162.0,100%,,,https://www.boxofficemojo.com/releasegroup/gr1886540293/?ref_=bo_ydw_table_15,100.0,,Outside the serial-world dictionary,1977–1989,False
886,1985,16,The Breakfast Club,45882717,45875171.0,100%,,,https://www.boxofficemojo.com/releasegroup/gr2532332037/?ref_=bo_ydw_table_16,100.0,,Outside the serial-world dictionary,1977–1989,False
887,1985,17,White Nights,42160849,42160849.0,100%,,,https://www.boxofficemojo.com/releasegroup/gr313152005/?ref_=bo_ydw_table_17,100.0,,Outside the serial-world dictionary,1977–1989,False
888,1985,18,Pale Rider,41410568,41410568.0,100%,,,https://www.boxofficemojo.com/releasegroup/gr2967097861/?ref_=bo_ydw_table_18,100.0,,Outside the serial-world dictionary,1977–1989,False
889,1985,19,Pee-wee's Big Adventure,40941948,40940662.0,100%,,,https://www.boxofficemojo.com/releasegroup/gr2364494341/?ref_=bo_ydw_table_19,100.0,,Outside the serial-world dictionary,1977–1989,False
890,1985,20,Brewster's Millions,40833132,40833132.0,100%,,,https://www.boxofficemojo.com/releasegroup/gr242504197/?ref_=bo_ydw_table_20,100.0,,Outside the serial-world dictionary,1977–1989,False
1052,1986,1,Top Gun,177486815,176781728.0,99.6%,705087.0,0.4%,https://www.boxofficemojo.com/releasegroup/gr2288472581/?ref_=bo_ydw_table_1,99.6,0.4,Action and service hero,1977–1989,True
1053,1986,2,Crocodile Dundee,174938874,174803506.0,99.9%,135368.0,<0.1%,https://www.boxofficemojo.com/releasegroup/gr3526185477/?ref_=bo_ydw_table_2,99.9,0.1,Other serial narrative world,1977–1989,True
1054,1986,3,Platoon,138547378,138530565.0,100%,15067.0,<0.1%,https://www.boxofficemojo.com/releasegroup/gr1968394757/?ref_=bo_ydw_table_3,100.0,0.1,Outside the serial-world dictionary,1977–1989,False
1055,1986,4,The Karate Kid Part II,115103979,115103979.0,100%,,,https://www.boxofficemojo.com/releasegroup/gr108155397/?ref_=bo_ydw_table_4,100.0,,Action and service hero,1977–1989,True
1056,1986,5,Star Trek IV: The Voyage Home,109776454,109713132.0,99.9%,63322.0,<0.1%,https://www.boxofficemojo.com/releasegroup/gr1715098117/?ref_=bo_ydw_table_5,99.9,0.1,Fantasy saga,1977–1989,True
1057,1986,6,Back to School,91258000,91258000.0,100%,,,https://www.boxofficemojo.com/releasegroup/gr2887012869/?ref_=bo_ydw_table_6,100.0,,Outside the serial-world dictionary,1977–1989,False
1058,1986,7,Aliens,85210791,85160248.0,99.9%,10472.0,<0.1%,https://www.boxofficemojo.com/releasegroup/gr2211140101/?ref_=bo_ydw_table_7,99.9,0.1,Outside the serial-world dictionary,1977–1989,False
1059,1986,8,The Golden Child,79817937,79817937.0,100%,,,https://www.boxofficemojo.com/releasegroup/gr3554890245/?ref_=bo_ydw_table_8,100.0,,Outside the serial-world dictionary,1977–1989,False
1060,1986,9,Ruthless People,71624879,71624879.0,100%,,,https://www.boxofficemojo.com/releasegroup/gr1948930565/?ref_=bo_ydw_table_9,100.0,,Outside the serial-world dictionary,1977–1989,False
1061,1986,10,Ferris Bueller's Day Off,70765000,70136369.0,99.1%,576308.0,0.8%,https://www.boxofficemojo.com/releasegroup/gr1311068677/?ref_=bo_ydw_table_10,99.1,0.8,Outside the serial-world dictionary,1977–1989,False
1062,1986,11,Down and Out in Beverly Hills,62134225,62134225.0,100%,,,https://www.boxofficemojo.com/releasegroup/gr3446952453/?ref_=bo_ydw_table_11,100.0,,Outside the serial-world dictionary,1977–1989,False
1063,1986,12,Stand by Me,52323164,52287414.0,99.9%,13775.0,<0.1%,https://www.boxofficemojo.com/releasegroup/gr946164229/?ref_=bo_ydw_table_12,99.9,0.1,Outside the serial-world dictionary,1977–1989,False
1064,1986,13,The Color of Money,52293982,52293982.0,100%,,,https://www.boxofficemojo.com/releasegroup/gr2432717317/?ref_=bo_ydw_table_13,100.0,,Outside the serial-world dictionary,1977–1989,False
1065,1986,14,Legal Eagles,49851591,49851591.0,100%,,,https://www.boxofficemojo.com/releasegroup/gr2151698949/?ref_=bo_ydw_table_14,100.0,,Outside the serial-world dictionary,1977–1989,False
1066,1986,15,Cobra,49042224,49042224.0,100%,,,https://www.boxofficemojo.com/releasegroup/gr1413239301/?ref_=bo_ydw_table_15,100.0,,Outside the serial-world dictionary,1977–1989,False
1067,1986,16,An American Tail,47483002,47483002.0,100%,,,https://www.boxofficemojo.com/releasegroup/gr2388939269/?ref_=bo_ydw_table_16,100.0,,Outside the serial-world dictionary,1977–1989,False
1068,1986,17,Police Academy 3: Back in Training,43579163,43579163.0,100%,,,https://www.boxofficemojo.com/releasegroup/gr2381861381/?ref_=bo_ydw_table_17,100.0,,Action and service hero,1977–1989,True
1069,1986,18,Heartbreak Ridge,42724017,42724017.0,100%,,,https://www.boxofficemojo.com/releasegroup/gr970543621/?ref_=bo_ydw_table_18,100.0,,Outside the serial-world dictionary,1977–1989,False
1070,1986,19,Peggy Sue Got Married,41382841,41382841.0,100%,,,https://www.boxofficemojo.com/releasegroup/gr2012631557/?ref_=bo_ydw_table_19,100.0,,Outside the serial-world dictionary,1977–1989,False
1071,1986,20,Poltergeist II: The Other Side,40998097,40996665.0,100%,,,https://www.boxofficemojo.com/releasegroup/gr3456061957/?ref_=bo_ydw_table_20,100.0,,Outside the serial-world dictionary,1977–1989,False
1252,1987,1,Three Men and a Baby,167780960,167780960.0,100%,,,https://www.boxofficemojo.com/releasegroup/gr2435011077/?ref_=bo_ydw_table_1,100.0,,Outside the serial-world dictionary,1977–1989,False
1253,1987,2,Fatal Attraction,156645756,156645693.0,100%,,,https://www.boxofficemojo.com/releasegroup/gr285626885/?ref_=bo_ydw_table_2,100.0,,Outside the serial-world dictionary,1977–1989,False
1254,1987,3,Beverly Hills Cop II,153665036,153665036.0,100%,,,https://www.boxofficemojo.com/releasegroup/gr650596869/?ref_=bo_ydw_table_3,100.0,,Other serial narrative world,1977–1989,True
1255,1987,4,"Good Morning, Vietnam",123922794,123922370.0,100%,208.0,<0.1%,https://www.boxofficemojo.com/releasegroup/gr424366597/?ref_=bo_ydw_table_4,100.0,0.1,Outside the serial-world dictionary,1977–1989,False
1256,1987,5,Moonstruck,80643524,80640528.0,100%,,,https://www.boxofficemojo.com/releasegroup/gr87183877/?ref_=bo_ydw_table_5,100.0,,Outside the serial-world dictionary,1977–1989,False
1257,1987,6,The Untouchables,76270454,76270454.0,100%,,,https://www.boxofficemojo.com/releasegroup/gr1800753669/?ref_=bo_ydw_table_6,100.0,,Outside the serial-world dictionary,1977–1989,False
1258,1987,7,The Secret of My Success,66995879,66995879.0,100%,,,https://www.boxofficemojo.com/releasegroup/gr519393797/?ref_=bo_ydw_table_7,100.0,,Outside the serial-world dictionary,1977–1989,False
1259,1987,8,Stakeout,65673233,65673233.0,100%,,,https://www.boxofficemojo.com/releasegroup/gr1949520389/?ref_=bo_ydw_table_8,100.0,,Outside the serial-world dictionary,1977–1989,False
1260,1987,9,Lethal Weapon,65207187,65207127.0,100%,,,https://www.boxofficemojo.com/releasegroup/gr1847153157/?ref_=bo_ydw_table_9,100.0,,Action and service hero,1977–1989,True
1261,1987,10,The Witches of Eastwick,63767428,63766510.0,100%,,,https://www.boxofficemojo.com/releasegroup/gr2179551749/?ref_=bo_ydw_table_10,100.0,,Outside the serial-world dictionary,1977–1989,False
1262,1987,11,Dirty Dancing,63581927,63446382.0,99.8%,,,https://www.boxofficemojo.com/releasegroup/gr4201468421/?ref_=bo_ydw_table_11,99.8,,Outside the serial-world dictionary,1977–1989,False
1263,1987,12,Predator,59746341,59735548.0,100%,287.0,<0.1%,https://www.boxofficemojo.com/releasegroup/gr1490964997/?ref_=bo_ydw_table_12,100.0,0.1,Fantasy saga,1977–1989,True
1264,1987,13,Throw Momma from the Train,57915972,57915972.0,100%,,,https://www.boxofficemojo.com/releasegroup/gr1717785093/?ref_=bo_ydw_table_13,100.0,,Outside the serial-world dictionary,1977–1989,False
1265,1987,14,Dragnet,57387516,57387516.0,100%,,,https://www.boxofficemojo.com/releasegroup/gr3066384901/?ref_=bo_ydw_table_14,100.0,,Outside the serial-world dictionary,1977–1989,False
1266,1987,15,La Bamba,54215416,54215416.0,100%,,,https://www.boxofficemojo.com/releasegroup/gr3154465285/?ref_=bo_ydw_table_15,100.0,,Outside the serial-world dictionary,1977–1989,False
1267,1987,16,RoboCop,53427454,53424681.0,100%,,,https://www.boxofficemojo.com/releasegroup/gr2455720453/?ref_=bo_ydw_table_16,100.0,,Outside the serial-world dictionary,1977–1989,False
1268,1987,17,Outrageous Fortune,52864741,52864741.0,100%,,,https://www.boxofficemojo.com/releasegroup/gr2405519877/?ref_=bo_ydw_table_17,100.0,,Outside the serial-world dictionary,1977–1989,False
1269,1987,18,Broadcast News,51249461,51249404.0,100%,57.0,<0.1%,https://www.boxofficemojo.com/releasegroup/gr270291461/?ref_=bo_ydw_table_18,100.0,0.1,Outside the serial-world dictionary,1977–1989,False
1270,1987,19,The Living Daylights,51187688,51185897.0,100%,,,https://www.boxofficemojo.com/releasegroup/gr151802373/?ref_=bo_ydw_table_19,100.0,,Action and service hero,1977–1989,True
1271,1987,20,Full Metal Jacket,50878962,46357676.0,91.1%,4506860.0,8.9%,https://www.boxofficemojo.com/releasegroup/gr1374245381/?ref_=bo_ydw_table_20,91.1,8.9,Outside the serial-world dictionary,1977–1989,False
1452,1988,1,Who Framed Roger Rabbit,238094330,156452370.0,65.7%,81639668.0,34.3%,https://www.boxofficemojo.com/releasegroup/gr2691256837/?ref_=bo_ydw_table_1,65.7,34.3,Outside the serial-world dictionary,1977–1989,False
1453,1988,2,Rain Man,172835580,172825435.0,100%,10145.0,<0.1%,https://www.boxofficemojo.com/releasegroup/gr2587578885/?ref_=bo_ydw_table_2,100.0,0.1,Outside the serial-world dictionary,1977–1989,False
1454,1988,3,Coming to America,128152333,128152301.0,100%,,,https://www.boxofficemojo.com/releasegroup/gr2279625221/?ref_=bo_ydw_table_3,100.0,,Outside the serial-world dictionary,1977–1989,False
1455,1988,4,Big,114968970,114968774.0,100%,122.0,<0.1%,https://www.boxofficemojo.com/releasegroup/gr3420410373/?ref_=bo_ydw_table_4,100.0,0.1,Outside the serial-world dictionary,1977–1989,False
1456,1988,5,Twins,111938388,111938388.0,100%,,,https://www.boxofficemojo.com/releasegroup/gr3262861829/?ref_=bo_ydw_table_5,100.0,,Outside the serial-world dictionary,1977–1989,False
1457,1988,6,Crocodile Dundee II,109306210,109306210.0,100%,,,https://www.boxofficemojo.com/releasegroup/gr3891220997/?ref_=bo_ydw_table_6,100.0,,Other serial narrative world,1977–1989,True
1458,1988,7,Die Hard,83091823,83008852.0,99.9%,14188.0,<0.1%,https://www.boxofficemojo.com/releasegroup/gr701846021/?ref_=bo_ydw_table_7,99.9,0.1,Action and service hero,1977–1989,True
1459,1988,8,The Naked Gun: From the Files of Police Squad!,78756319,78756177.0,100%,,,https://www.boxofficemojo.com/releasegroup/gr746476037/?ref_=bo_ydw_table_8,100.0,,Outside the serial-world dictionary,1977–1989,False
1460,1988,9,Cocktail,78222753,78222753.0,100%,,,https://www.boxofficemojo.com/releasegroup/gr776491525/?ref_=bo_ydw_table_9,100.0,,Outside the serial-world dictionary,1977–1989,False
1461,1988,10,Beetlejuice,73720082,73707461.0,100%,2099.0,<0.1%,https://www.boxofficemojo.com/releasegroup/gr4210577925/?ref_=bo_ydw_table_10,100.0,0.1,Other serial narrative world,1977–1989,True
1462,1988,11,Working Girl,63779477,63779477.0,100%,,,https://www.boxofficemojo.com/releasegroup/gr2634437125/?ref_=bo_ydw_table_11,100.0,,Outside the serial-world dictionary,1977–1989,False
1463,1988,12,A Fish Called Wanda,62493712,62493712.0,100%,,,https://www.boxofficemojo.com/releasegroup/gr1078022661/?ref_=bo_ydw_table_12,100.0,,Outside the serial-world dictionary,1977–1989,False
1464,1988,13,Scrooged,60328558,60328558.0,100%,,,https://www.boxofficemojo.com/releasegroup/gr2922926597/?ref_=bo_ydw_table_13,100.0,,Outside the serial-world dictionary,1977–1989,False
1465,1988,14,Willow,57270847,57269863.0,100%,,,https://www.boxofficemojo.com/releasegroup/gr3345109509/?ref_=bo_ydw_table_14,100.0,,Outside the serial-world dictionary,1977–1989,False
1466,1988,15,Beaches,57041866,57041866.0,100%,,,https://www.boxofficemojo.com/releasegroup/gr3137360389/?ref_=bo_ydw_table_15,100.0,,Outside the serial-world dictionary,1977–1989,False
1467,1988,16,Rambo III,53715611,53715611.0,100%,,,https://www.boxofficemojo.com/releasegroup/gr2771276293/?ref_=bo_ydw_table_16,100.0,,Action and service hero,1977–1989,True
1468,1988,17,Oliver & Company,53279055,53279055.0,100%,,,https://www.boxofficemojo.com/releasegroup/gr2639942149/?ref_=bo_ydw_table_17,100.0,,Outside the serial-world dictionary,1977–1989,False
1469,1988,18,Bull Durham,50888729,50888729.0,100%,,,https://www.boxofficemojo.com/releasegroup/gr807162373/?ref_=bo_ydw_table_18,100.0,,Outside the serial-world dictionary,1977–1989,False
1470,1988,19,A Nightmare on Elm Street 4: The Dream Master,49369899,49369899.0,100%,,,https://www.boxofficemojo.com/releasegroup/gr1793282565/?ref_=bo_ydw_table_19,100.0,,Outside the serial-world dictionary,1977–1989,False
1471,1988,20,The Land Before Time,48478716,48478716.0,100%,,,https://www.boxofficemojo.com/releasegroup/gr4134097413/?ref_=bo_ydw_table_20,100.0,,Outside the serial-world dictionary,1977–1989,False
1652,1989,1,Batman,401188924,251188924.0,62.6%,150000000.0,37.4%,https://www.boxofficemojo.com/releasegroup/gr3495645701/?ref_=bo_ydw_table_1,62.6,37.4,Comic-book superhero,1977–1989,True
1653,1989,2,Indiana Jones and the Last Crusade,197171806,197171806.0,100%,,,https://www.boxofficemojo.com/releasegroup/gr643846661/?ref_=bo_ydw_table_2,100.0,,Action and service hero,1977–1989,True
1654,1989,3,Dead Poets Society,175488827,95860116.0,54.6%,79619323.0,45.4%,https://www.boxofficemojo.com/releasegroup/gr3260633605/?ref_=bo_ydw_table_3,54.6,45.4,Outside the serial-world dictionary,1977–1989,False
1655,1989,4,Lethal Weapon 2,147253986,147253986.0,100%,,,https://www.boxofficemojo.com/releasegroup/gr805130757/?ref_=bo_ydw_table_4,100.0,,Action and service hero,1977–1989,True
1656,1989,5,Look Who's Talking,140088813,140088813.0,100%,,,https://www.boxofficemojo.com/releasegroup/gr2589741573/?ref_=bo_ydw_table_5,100.0,,Other serial narrative world,1977–1989,True
1657,1989,6,"Honey, I Shrunk the Kids",130725045,130724172.0,100%,,,https://www.boxofficemojo.com/releasegroup/gr753881605/?ref_=bo_ydw_table_6,100.0,,Outside the serial-world dictionary,1977–1989,False
1658,1989,7,Back to the Future Part II,118913165,118811197.0,99.9%,99328.0,<0.1%,https://www.boxofficemojo.com/releasegroup/gr2012303877/?ref_=bo_ydw_table_7,99.9,0.1,Fantasy saga,1977–1989,True
1659,1989,8,Ghostbusters II,112496257,112494738.0,100%,,,https://www.boxofficemojo.com/releasegroup/gr1330729477/?ref_=bo_ydw_table_8,100.0,,Fantasy saga,1977–1989,True
1660,1989,9,Driving Miss Daisy,106593296,106593296.0,100%,,,https://www.boxofficemojo.com/releasegroup/gr349131269/?ref_=bo_ydw_table_9,100.0,,Outside the serial-world dictionary,1977–1989,False
1661,1989,10,Parenthood,100047830,100047830.0,100%,,,https://www.boxofficemojo.com/releasegroup/gr1127109125/?ref_=bo_ydw_table_10,100.0,,Outside the serial-world dictionary,1977–1989,False
1662,1989,11,When Harry Met Sally...,92827188,92823546.0,100%,793.0,<0.1%,https://www.boxofficemojo.com/releasegroup/gr2136232453/?ref_=bo_ydw_table_11,100.0,0.1,Outside the serial-world dictionary,1977–1989,False
1663,1989,12,The War of the Roses,86888546,86888546.0,100%,,,https://www.boxofficemojo.com/releasegroup/gr2817741317/?ref_=bo_ydw_table_12,100.0,,Outside the serial-world dictionary,1977–1989,False
1664,1989,13,The Little Mermaid,84358838,84355863.0,100%,,,https://www.boxofficemojo.com/releasegroup/gr2860012037/?ref_=bo_ydw_table_13,100.0,,Animated and family hero,1977–1989,True
1665,1989,14,Steel Magnolias,83759670,83759091.0,100%,,,https://www.boxofficemojo.com/releasegroup/gr90395141/?ref_=bo_ydw_table_14,100.0,,Outside the serial-world dictionary,1977–1989,False
1666,1989,15,National Lampoon's Christmas Vacation,71322270,71319526.0,100%,325.0,<0.1%,https://www.boxofficemojo.com/releasegroup/gr4064432645/?ref_=bo_ydw_table_15,100.0,0.1,Outside the serial-world dictionary,1977–1989,False
1667,1989,16,Turner & Hooch,71079915,71079915.0,100%,,,https://www.boxofficemojo.com/releasegroup/gr1970164229/?ref_=bo_ydw_table_16,100.0,,Outside the serial-world dictionary,1977–1989,False
1668,1989,17,Born on the Fourth of July,70001698,70001698.0,100%,,,https://www.boxofficemojo.com/releasegroup/gr1024217605/?ref_=bo_ydw_table_17,100.0,,Outside the serial-world dictionary,1977–1989,False
1669,1989,18,Uncle Buck,66758538,66758538.0,100%,,,https://www.boxofficemojo.com/releasegroup/gr1091785221/?ref_=bo_ydw_table_18,100.0,,Outside the serial-world dictionary,1977–1989,False
1670,1989,19,Field of Dreams,64532366,64532235.0,100%,,,https://www.boxofficemojo.com/releasegroup/gr3526971909/?ref_=bo_ydw_table_19,100.0,,Outside the serial-world dictionary,1977–1989,False
1671,1989,20,Tango & Cash,63408614,63408614.0,100%,,,https://www.boxofficemojo.com/releasegroup/gr2689880581/?ref_=bo_ydw_table_20,100.0,,Outside the serial-world dictionary,1977–1989,False
1852,1990,1,Home Alone,290177476,285761243.0,98.5%,4172836.0,1.4%,https://www.boxofficemojo.com/releasegroup/gr2254131717/?ref_=bo_ydw_table_1,98.5,1.4,Other serial narrative world,1990–2000,True
1853,1990,2,Ghost,217632241,217631306.0,100%,,,https://www.boxofficemojo.com/releasegroup/gr503927301/?ref_=bo_ydw_table_2,100.0,,Outside the serial-world dictionary,1990–2000,False
1854,1990,3,Dances with Wolves,184209401,184208848.0,100%,,,https://www.boxofficemojo.com/releasegroup/gr3067695621/?ref_=bo_ydw_table_3,100.0,,Outside the serial-world dictionary,1990–2000,False
1855,1990,4,Pretty Woman,178788812,178406268.0,99.8%,315609.0,0.2%,https://www.boxofficemojo.com/releasegroup/gr87904773/?ref_=bo_ydw_table_4,99.8,0.2,Outside the serial-world dictionary,1990–2000,False
1856,1990,5,Teenage Mutant Ninja Turtles,135271094,135265915.0,100%,,,https://www.boxofficemojo.com/releasegroup/gr2369540613/?ref_=bo_ydw_table_5,100.0,,Comic-book superhero,1990–2000,True
1857,1990,6,The Hunt for Red October,122012643,122012643.0,100%,,,https://www.boxofficemojo.com/releasegroup/gr1442927109/?ref_=bo_ydw_table_6,100.0,,Outside the serial-world dictionary,1990–2000,False
1858,1990,7,Total Recall,119442592,119394840.0,100%,47752.0,<0.1%,https://www.boxofficemojo.com/releasegroup/gr2351780357/?ref_=bo_ydw_table_7,100.0,0.1,Outside the serial-world dictionary,1990–2000,False
1859,1990,8,Die Hard 2,117546200,117540947.0,100%,67.0,<0.1%,https://www.boxofficemojo.com/releasegroup/gr2029474309/?ref_=bo_ydw_table_8,100.0,0.1,Action and service hero,1990–2000,True
1860,1990,9,Dick Tracy,103739295,103738726.0,100%,,,https://www.boxofficemojo.com/releasegroup/gr941773317/?ref_=bo_ydw_table_9,100.0,,Outside the serial-world dictionary,1990–2000,False
1861,1990,10,Kindergarten Cop,91457688,91457688.0,100%,,,https://www.boxofficemojo.com/releasegroup/gr417550853/?ref_=bo_ydw_table_10,100.0,,Outside the serial-world dictionary,1990–2000,False
1862,1990,11,Back to the Future Part III,87727583,87727583.0,100%,,,https://www.boxofficemojo.com/releasegroup/gr2179944965/?ref_=bo_ydw_table_11,100.0,,Fantasy saga,1990–2000,True
1863,1990,12,Days of Thunder,87164933,82670733.0,94.8%,4492812.0,5.2%,https://www.boxofficemojo.com/releasegroup/gr1900106245/?ref_=bo_ydw_table_12,94.8,5.2,Outside the serial-world dictionary,1990–2000,False
1864,1990,13,Presumed Innocent,86303188,86303188.0,100%,,,https://www.boxofficemojo.com/releasegroup/gr2832880133/?ref_=bo_ydw_table_13,100.0,,Outside the serial-world dictionary,1990–2000,False
1865,1990,14,Another 48 Hrs.,80818974,80818974.0,100%,,,https://www.boxofficemojo.com/releasegroup/gr2738311685/?ref_=bo_ydw_table_14,100.0,,Outside the serial-world dictionary,1990–2000,False
1866,1990,15,Three Men and a Little Lady,71609321,71609321.0,100%,,,https://www.boxofficemojo.com/releasegroup/gr3456455173/?ref_=bo_ydw_table_15,100.0,,Outside the serial-world dictionary,1990–2000,False
1867,1990,16,Bird on a Wire,70978012,70978012.0,100%,,,https://www.boxofficemojo.com/releasegroup/gr1952600581/?ref_=bo_ydw_table_16,100.0,,Outside the serial-world dictionary,1990–2000,False
1868,1990,17,The Godfather Part III,66778456,66666062.0,99.8%,112394.0,0.2%,https://www.boxofficemojo.com/releasegroup/gr675238405/?ref_=bo_ydw_table_17,99.8,0.2,Other serial narrative world,1990–2000,True
1869,1990,18,The Krays,62300000,1201523.0,1.9%,,,https://www.boxofficemojo.com/releasegroup/gr1046303237/?ref_=bo_ydw_table_18,1.9,,Outside the serial-world dictionary,1990–2000,False
1870,1990,19,Flatliners,61489265,61489265.0,100%,,,https://www.boxofficemojo.com/releasegroup/gr4125577733/?ref_=bo_ydw_table_19,100.0,,Outside the serial-world dictionary,1990–2000,False
1871,1990,20,Misery,61277756,61276872.0,100%,,,https://www.boxofficemojo.com/releasegroup/gr708399621/?ref_=bo_ydw_table_20,100.0,,Outside the serial-world dictionary,1990–2000,False
2052,1991,1,Beauty and the Beast,248824279,145863363.0,58.6%,102939158.0,41.4%,https://www.boxofficemojo.com/releasegroup/gr191779333/?ref_=bo_ydw_table_1,58.6,41.4,Outside the serial-world dictionary,1990–2000,False
2053,1991,2,Terminator 2: Judgment Day,205543153,204843345.0,99.7%,699808.0,0.3%,https://www.boxofficemojo.com/releasegroup/gr492392965/?ref_=bo_ydw_table_2,99.7,0.3,Fantasy saga,1990–2000,True
2054,1991,3,Robin Hood: Prince of Thieves,165493908,165493908.0,100%,,,https://www.boxofficemojo.com/releasegroup/gr3687928325/?ref_=bo_ydw_table_3,100.0,,Outside the serial-world dictionary,1990–2000,False
2055,1991,4,The Silence of the Lambs,130884591,130742922.0,99.9%,125425.0,<0.1%,https://www.boxofficemojo.com/releasegroup/gr4145500677/?ref_=bo_ydw_table_4,99.9,0.1,Outside the serial-world dictionary,1990–2000,False
2056,1991,5,City Slickers,124033791,124033791.0,100%,,,https://www.boxofficemojo.com/releasegroup/gr720916997/?ref_=bo_ydw_table_5,100.0,,Outside the serial-world dictionary,1990–2000,False
2057,1991,6,Hook,119658630,119654823.0,100%,,,https://www.boxofficemojo.com/releasegroup/gr1851675141/?ref_=bo_ydw_table_6,100.0,,Outside the serial-world dictionary,1990–2000,False
2058,1991,7,The Addams Family,113503889,113502426.0,100%,,,https://www.boxofficemojo.com/releasegroup/gr3319747077/?ref_=bo_ydw_table_7,100.0,,Other serial narrative world,1990–2000,True
2059,1991,8,Sleeping with the Enemy,101599005,101599005.0,100%,,,https://www.boxofficemojo.com/releasegroup/gr2303218181/?ref_=bo_ydw_table_8,100.0,,Outside the serial-world dictionary,1990–2000,False
2060,1991,9,Father of the Bride,89325780,89325780.0,100%,,,https://www.boxofficemojo.com/releasegroup/gr3760083461/?ref_=bo_ydw_table_9,100.0,,Other serial narrative world,1990–2000,True
2061,1991,10,The Naked Gun 2½: The Smell of Fear,86930411,86930411.0,100%,,,https://www.boxofficemojo.com/releasegroup/gr793334277/?ref_=bo_ydw_table_10,100.0,,Outside the serial-world dictionary,1990–2000,False
2062,1991,11,Fried Green Tomatoes,82418501,82418501.0,100%,,,https://www.boxofficemojo.com/releasegroup/gr3731051013/?ref_=bo_ydw_table_11,100.0,,Outside the serial-world dictionary,1990–2000,False
2063,1991,12,Cape Fear,79091969,79091969.0,100%,,,https://www.boxofficemojo.com/releasegroup/gr2236043781/?ref_=bo_ydw_table_12,100.0,,Outside the serial-world dictionary,1990–2000,False
2064,1991,13,Teenage Mutant Ninja Turtles II: The Secret of the Ooze,78657316,78656813.0,100%,,,https://www.boxofficemojo.com/releasegroup/gr962351621/?ref_=bo_ydw_table_13,100.0,,Comic-book superhero,1990–2000,True
2065,1991,14,Backdraft,77868585,77868585.0,100%,,,https://www.boxofficemojo.com/releasegroup/gr3346158085/?ref_=bo_ydw_table_14,100.0,,Outside the serial-world dictionary,1990–2000,False
2066,1991,15,Star Trek VI: The Undiscovered Country,74888996,74888996.0,100%,,,https://www.boxofficemojo.com/releasegroup/gr2054509061/?ref_=bo_ydw_table_15,100.0,,Fantasy saga,1990–2000,True
2067,1991,16,The Prince of Tides,74787599,74787599.0,100%,,,https://www.boxofficemojo.com/releasegroup/gr3691467269/?ref_=bo_ydw_table_16,100.0,,Outside the serial-world dictionary,1990–2000,False
2068,1991,17,JFK,70405819,70405498.0,100%,,,https://www.boxofficemojo.com/releasegroup/gr2515423749/?ref_=bo_ydw_table_17,100.0,,Outside the serial-world dictionary,1990–2000,False
2069,1991,18,Hot Shots!,69467617,69467617.0,100%,,,https://www.boxofficemojo.com/releasegroup/gr3027653125/?ref_=bo_ydw_table_18,100.0,,Outside the serial-world dictionary,1990–2000,False
2070,1991,19,What About Bob?,63707829,63707829.0,100%,,,https://www.boxofficemojo.com/releasegroup/gr2219594245/?ref_=bo_ydw_table_19,100.0,,Outside the serial-world dictionary,1990–2000,False
2071,1991,20,One Hundred and One Dalmatians 1991 Re-release,60830285,60830285.0,100%,,,https://www.boxofficemojo.com/releasegroup/gr3744354821/?ref_=bo_ydw_table_20,100.0,,Outside the serial-world dictionary,1990–2000,False
2252,1992,1,Aladdin,346493798,217350219.0,62.7%,129126124.0,37.3%,https://www.boxofficemojo.com/releasegroup/gr3570487813/?ref_=bo_ydw_table_1,62.7,37.3,Animated and family hero,1990–2000,True
2253,1992,2,Batman Returns,266831698,162831698.0,61%,104000000.0,39%,https://www.boxofficemojo.com/releasegroup/gr1715950085/?ref_=bo_ydw_table_2,61.0,39.0,Comic-book superhero,1990–2000,True
2254,1992,3,Home Alone 2: Lost in New York,173661632,173585516.0,100%,85.0,<0.1%,https://www.boxofficemojo.com/releasegroup/gr3737670149/?ref_=bo_ydw_table_3,100.0,0.1,Other serial narrative world,1990–2000,True
2255,1992,4,Lethal Weapon 3,144731527,144731527.0,100%,,,https://www.boxofficemojo.com/releasegroup/gr2852016645/?ref_=bo_ydw_table_4,100.0,,Action and service hero,1990–2000,True
2256,1992,5,A Few Good Men,141354306,141340178.0,100%,13870.0,<0.1%,https://www.boxofficemojo.com/releasegroup/gr893669893/?ref_=bo_ydw_table_5,100.0,0.1,Outside the serial-world dictionary,1990–2000,False
2257,1992,6,Sister Act,139607519,139605150.0,100%,49.0,<0.1%,https://www.boxofficemojo.com/releasegroup/gr2110673413/?ref_=bo_ydw_table_6,100.0,0.1,Other serial narrative world,1990–2000,True
2258,1992,7,The Bodyguard,121945747,121945720.0,100%,,,https://www.boxofficemojo.com/releasegroup/gr1104892421/?ref_=bo_ydw_table_7,100.0,,Outside the serial-world dictionary,1990–2000,False
2259,1992,8,Wayne's World,121704531,121697323.0,100%,,,https://www.boxofficemojo.com/releasegroup/gr452481541/?ref_=bo_ydw_table_8,100.0,,Outside the serial-world dictionary,1990–2000,False
2260,1992,9,Basic Instinct,117728463,117727224.0,100%,,,https://www.boxofficemojo.com/releasegroup/gr219894277/?ref_=bo_ydw_table_9,100.0,,Outside the serial-world dictionary,1990–2000,False
2261,1992,10,A League of Their Own,107535423,107533928.0,100%,,,https://www.boxofficemojo.com/releasegroup/gr1533694469/?ref_=bo_ydw_table_10,100.0,,Outside the serial-world dictionary,1990–2000,False
2262,1992,11,Unforgiven,101157849,101157447.0,100%,95.0,<0.1%,https://www.boxofficemojo.com/releasegroup/gr3309457925/?ref_=bo_ydw_table_11,100.0,0.1,Outside the serial-world dictionary,1990–2000,False
2263,1992,12,The Hand That Rocks the Cradle,88036718,88036683.0,100%,35.0,<0.1%,https://www.boxofficemojo.com/releasegroup/gr1690456581/?ref_=bo_ydw_table_12,100.0,0.1,Outside the serial-world dictionary,1990–2000,False
2264,1992,13,Under Siege,83563139,83563139.0,100%,,,https://www.boxofficemojo.com/releasegroup/gr3187560965/?ref_=bo_ydw_table_13,100.0,,Outside the serial-world dictionary,1990–2000,False
2265,1992,14,Patriot Games,83351587,83351587.0,100%,,,https://www.boxofficemojo.com/releasegroup/gr2816365061/?ref_=bo_ydw_table_14,100.0,,Outside the serial-world dictionary,1990–2000,False
2266,1992,15,Dracula,82531722,82522790.0,100%,,,https://www.boxofficemojo.com/releasegroup/gr2027704837/?ref_=bo_ydw_table_15,100.0,,Outside the serial-world dictionary,1990–2000,False
2267,1992,16,White Men Can't Jump,76253806,76253806.0,100%,,,https://www.boxofficemojo.com/releasegroup/gr3385676293/?ref_=bo_ydw_table_16,100.0,,Outside the serial-world dictionary,1990–2000,False
2268,1992,17,The Last of the Mohicans,75506801,75505856.0,100%,,,https://www.boxofficemojo.com/releasegroup/gr1950241285/?ref_=bo_ydw_table_17,100.0,,Outside the serial-world dictionary,1990–2000,False
2269,1992,18,Boomerang,70052444,70052444.0,100%,,,https://www.boxofficemojo.com/releasegroup/gr1883853317/?ref_=bo_ydw_table_18,100.0,,Outside the serial-world dictionary,1990–2000,False
2270,1992,19,Scent of a Woman,63095253,63095253.0,100%,,,https://www.boxofficemojo.com/releasegroup/gr3141227013/?ref_=bo_ydw_table_19,100.0,,Outside the serial-world dictionary,1990–2000,False
2271,1992,20,The Crying Game,62549086,62548947.0,100%,139.0,<0.1%,https://www.boxofficemojo.com/releasegroup/gr1551389189/?ref_=bo_ydw_table_20,100.0,0.1,Outside the serial-world dictionary,1990–2000,False
2452,1993,1,Jurassic Park,978167947,357067947.0,36.5%,621100000.0,63.5%,https://www.boxofficemojo.com/releasegroup/gr1932939781/?ref_=bo_ydw_table_1,36.5,63.5,Fantasy saga,1990–2000,True
2453,1993,2,Mrs. Doubtfire,219198923,219195243.0,100%,911.0,<0.1%,https://www.boxofficemojo.com/releasegroup/gr1273123333/?ref_=bo_ydw_table_2,100.0,0.1,Outside the serial-world dictionary,1990–2000,False
2454,1993,3,The Fugitive,183875799,183875760.0,100%,39.0,<0.1%,https://www.boxofficemojo.com/releasegroup/gr2028687877/?ref_=bo_ydw_table_3,100.0,0.1,Outside the serial-world dictionary,1990–2000,False
2455,1993,4,The Firm,158348394,158348367.0,100%,27.0,<0.1%,https://www.boxofficemojo.com/releasegroup/gr3308016133/?ref_=bo_ydw_table_4,100.0,0.1,Outside the serial-world dictionary,1990–2000,False
2456,1993,5,Sleepless in Seattle,126761846,126680884.0,99.9%,78580.0,<0.1%,https://www.boxofficemojo.com/releasegroup/gr1544376837/?ref_=bo_ydw_table_5,99.9,0.1,Outside the serial-world dictionary,1990–2000,False
2457,1993,6,Indecent Proposal,106614059,106614059.0,100%,,,https://www.boxofficemojo.com/releasegroup/gr852644357/?ref_=bo_ydw_table_6,100.0,,Outside the serial-world dictionary,1990–2000,False
2458,1993,7,In the Line of Fire,102314823,102314823.0,100%,,,https://www.boxofficemojo.com/releasegroup/gr1983861253/?ref_=bo_ydw_table_7,100.0,,Outside the serial-world dictionary,1990–2000,False
2459,1993,8,The Pelican Brief,100768056,100768056.0,100%,,,https://www.boxofficemojo.com/releasegroup/gr158421509/?ref_=bo_ydw_table_8,100.0,,Outside the serial-world dictionary,1990–2000,False
2460,1993,9,Schindler's List,96065768,96065768.0,100%,,,https://www.boxofficemojo.com/releasegroup/gr3907801605/?ref_=bo_ydw_table_9,100.0,,Outside the serial-world dictionary,1990–2000,False
2461,1993,10,Cliffhanger,84093147,84049211.0,99.9%,43936.0,<0.1%,https://www.boxofficemojo.com/releasegroup/gr2198032901/?ref_=bo_ydw_table_10,99.9,0.1,Outside the serial-world dictionary,1990–2000,False
2462,1993,11,Free Willy,77698625,77698625.0,100%,,,https://www.boxofficemojo.com/releasegroup/gr3564130821/?ref_=bo_ydw_table_11,100.0,,Outside the serial-world dictionary,1990–2000,False
2463,1993,12,Philadelphia,77446440,77446440.0,100%,,,https://www.boxofficemojo.com/releasegroup/gr264458757/?ref_=bo_ydw_table_12,100.0,,Outside the serial-world dictionary,1990–2000,False
2464,1993,13,Groundhog Day,70907316,70906973.0,100%,,,https://www.boxofficemojo.com/releasegroup/gr55071237/?ref_=bo_ydw_table_13,100.0,,Outside the serial-world dictionary,1990–2000,False
2465,1993,14,Grumpy Old Men,70172621,70172621.0,100%,,,https://www.boxofficemojo.com/releasegroup/gr658264581/?ref_=bo_ydw_table_14,100.0,,Outside the serial-world dictionary,1990–2000,False
2466,1993,15,Cool Runnings,68863508,68856263.0,100%,,,https://www.boxofficemojo.com/releasegroup/gr4128199173/?ref_=bo_ydw_table_15,100.0,,Outside the serial-world dictionary,1990–2000,False
2467,1993,16,Dave,63270710,63270710.0,100%,,,https://www.boxofficemojo.com/releasegroup/gr518345221/?ref_=bo_ydw_table_16,100.0,,Outside the serial-world dictionary,1990–2000,False
2468,1993,17,Rising Sun,63179523,63179523.0,100%,,,https://www.boxofficemojo.com/releasegroup/gr956191237/?ref_=bo_ydw_table_17,100.0,,Outside the serial-world dictionary,1990–2000,False
2469,1993,18,Demolition Man,58055768,58055768.0,100%,,,https://www.boxofficemojo.com/releasegroup/gr1128354309/?ref_=bo_ydw_table_18,100.0,,Outside the serial-world dictionary,1990–2000,False
2470,1993,19,Sister Act 2: Back in the Habit,57319029,57319029.0,100%,,,https://www.boxofficemojo.com/releasegroup/gr1646612997/?ref_=bo_ydw_table_19,100.0,,Other serial narrative world,1990–2000,True
2471,1993,20,Tombstone,56506116,56505065.0,100%,,,https://www.boxofficemojo.com/releasegroup/gr449663493/?ref_=bo_ydw_table_20,100.0,,Outside the serial-world dictionary,1990–2000,False
2652,1994,1,The Lion King,771055561,312855561.0,40.6%,458200000.0,59.4%,https://www.boxofficemojo.com/releasegroup/gr1310020101/?ref_=bo_ydw_table_1,40.6,59.4,Animated and family hero,1990–2000,True
2653,1994,2,Forrest Gump,329835054,329694499.0,100%,138412.0,<0.1%,https://www.boxofficemojo.com/releasegroup/gr2428654085/?ref_=bo_ydw_table_2,100.0,0.1,Outside the serial-world dictionary,1990–2000,False
2654,1994,3,True Lies,146286826,146282411.0,100%,,,https://www.boxofficemojo.com/releasegroup/gr2402767365/?ref_=bo_ydw_table_3,100.0,,Outside the serial-world dictionary,1990–2000,False
2655,1994,4,The Santa Clause,144836420,144833357.0,100%,165.0,<0.1%,https://www.boxofficemojo.com/releasegroup/gr1601655301/?ref_=bo_ydw_table_4,100.0,0.1,Outside the serial-world dictionary,1990–2000,False
2656,1994,5,The Flintstones,130531208,130531208.0,100%,,,https://www.boxofficemojo.com/releasegroup/gr1309561349/?ref_=bo_ydw_table_5,100.0,,Outside the serial-world dictionary,1990–2000,False
2657,1994,6,Dumb and Dumber,127176610,127175374.0,100%,294.0,<0.1%,https://www.boxofficemojo.com/releasegroup/gr3157217797/?ref_=bo_ydw_table_6,100.0,0.1,Outside the serial-world dictionary,1990–2000,False
2658,1994,7,Clear and Present Danger,122187717,122187717.0,100%,,,https://www.boxofficemojo.com/releasegroup/gr2195804677/?ref_=bo_ydw_table_7,100.0,,Outside the serial-world dictionary,1990–2000,False
2659,1994,8,Speed,121255510,121248145.0,100%,,,https://www.boxofficemojo.com/releasegroup/gr2004570629/?ref_=bo_ydw_table_8,100.0,,Outside the serial-world dictionary,1990–2000,False
2660,1994,9,The Mask,119967565,119938730.0,100%,27346.0,<0.1%,https://www.boxofficemojo.com/releasegroup/gr1023562245/?ref_=bo_ydw_table_9,100.0,0.1,Outside the serial-world dictionary,1990–2000,False
2661,1994,10,Pulp Fiction,108199111,107928762.0,99.8%,270349.0,0.2%,https://www.boxofficemojo.com/releasegroup/gr1674924549/?ref_=bo_ydw_table_10,99.8,0.2,Outside the serial-world dictionary,1990–2000,False
2662,1994,11,Interview with the Vampire: The Vampire Chronicles,105301196,105264608.0,100%,31354.0,<0.1%,https://www.boxofficemojo.com/releasegroup/gr3251917317/?ref_=bo_ydw_table_11,100.0,0.1,Outside the serial-world dictionary,1990–2000,False
2663,1994,12,Maverick,101631272,101631272.0,100%,,,https://www.boxofficemojo.com/releasegroup/gr3620819461/?ref_=bo_ydw_table_12,100.0,,Outside the serial-world dictionary,1990–2000,False
2664,1994,13,Street Fighter,99431786,33423521.0,33.6%,66008265.0,66.4%,https://www.boxofficemojo.com/releasegroup/gr1693012485/?ref_=bo_ydw_table_13,33.6,66.4,Outside the serial-world dictionary,1990–2000,False
2665,1994,14,The Client,92115211,92115211.0,100%,,,https://www.boxofficemojo.com/releasegroup/gr878400005/?ref_=bo_ydw_table_14,100.0,,Outside the serial-world dictionary,1990–2000,False
2666,1994,15,Disclosure,83015094,83015089.0,100%,5.0,<0.1%,https://www.boxofficemojo.com/releasegroup/gr4190392837/?ref_=bo_ydw_table_15,100.0,0.1,Outside the serial-world dictionary,1990–2000,False
2667,1994,16,Star Trek: Generations,75671125,75671125.0,100%,,,https://www.boxofficemojo.com/releasegroup/gr2621985285/?ref_=bo_ydw_table_16,100.0,,Fantasy saga,1990–2000,True
2668,1994,17,Ace Ventura: Pet Detective,72217892,72217396.0,100%,,,https://www.boxofficemojo.com/releasegroup/gr695030277/?ref_=bo_ydw_table_17,100.0,,Other serial narrative world,1990–2000,True
2669,1994,18,Stargate,71568987,71567262.0,100%,,,https://www.boxofficemojo.com/releasegroup/gr1574785541/?ref_=bo_ydw_table_18,100.0,,Outside the serial-world dictionary,1990–2000,False
2670,1994,19,Legends of the Fall,66638883,66638883.0,100%,,,https://www.boxofficemojo.com/releasegroup/gr3447149061/?ref_=bo_ydw_table_19,100.0,,Outside the serial-world dictionary,1990–2000,False
2671,1994,20,Wolf,65002597,65002597.0,100%,,,https://www.boxofficemojo.com/releasegroup/gr4211888645/?ref_=bo_ydw_table_20,100.0,,Outside the serial-world dictionary,1990–2000,False
2852,1995,1,Seven,327225643,100125643.0,30.6%,227100000.0,69.4%,https://www.boxofficemojo.com/releasegroup/gr1747407365/?ref_=bo_ydw_table_1,30.6,69.4,Outside the serial-world dictionary,1990–2000,False
2853,1995,2,Toy Story,237377437,191796233.0,80.8%,45581204.0,19.2%,https://www.boxofficemojo.com/releasegroup/gr3337572869/?ref_=bo_ydw_table_2,80.8,19.2,Animated and family hero,1990–2000,True
2854,1995,3,Apollo 13,223846576,172071312.0,76.9%,51766099.0,23.1%,https://www.boxofficemojo.com/releasegroup/gr1747276293/?ref_=bo_ydw_table_3,76.9,23.1,Outside the serial-world dictionary,1990–2000,False
2855,1995,4,Batman Forever,184033483,184031112.0,100%,,,https://www.boxofficemojo.com/releasegroup/gr1965445637/?ref_=bo_ydw_table_4,100.0,,Comic-book superhero,1990–2000,True
2856,1995,5,Pocahontas,141580605,141579773.0,100%,,,https://www.boxofficemojo.com/releasegroup/gr3428471301/?ref_=bo_ydw_table_5,100.0,,Outside the serial-world dictionary,1990–2000,False
2857,1995,6,Ace Ventura: When Nature Calls,108385533,108385533.0,100%,,,https://www.boxofficemojo.com/releasegroup/gr4293874181/?ref_=bo_ydw_table_6,100.0,,Other serial narrative world,1990–2000,True
2858,1995,7,GoldenEye,106610099,106429941.0,99.8%,179480.0,0.2%,https://www.boxofficemojo.com/releasegroup/gr2105233925/?ref_=bo_ydw_table_7,99.8,0.2,Action and service hero,1990–2000,True
2859,1995,8,Casper,100836847,100836847.0,100%,,,https://www.boxofficemojo.com/releasegroup/gr2521256453/?ref_=bo_ydw_table_8,100.0,,Outside the serial-world dictionary,1990–2000,False
2860,1995,9,Jumanji,100479831,100475249.0,100%,2175.0,<0.1%,https://www.boxofficemojo.com/releasegroup/gr490557957/?ref_=bo_ydw_table_9,100.0,0.1,Fantasy saga,1990–2000,True
2861,1995,10,Die Hard with a Vengeance,100012499,100012499.0,100%,,,https://www.boxofficemojo.com/releasegroup/gr4285288965/?ref_=bo_ydw_table_10,100.0,,Action and service hero,1990–2000,True
2862,1995,11,Crimson Tide,91387195,91387195.0,100%,,,https://www.boxofficemojo.com/releasegroup/gr996102661/?ref_=bo_ydw_table_11,100.0,,Outside the serial-world dictionary,1990–2000,False
2863,1995,12,Waterworld,88247151,88246220.0,100%,,,https://www.boxofficemojo.com/releasegroup/gr153637381/?ref_=bo_ydw_table_12,100.0,,Outside the serial-world dictionary,1990–2000,False
2864,1995,13,12 Monkeys,87022639,57141459.0,65.7%,29879537.0,34.3%,https://www.boxofficemojo.com/releasegroup/gr1881428485/?ref_=bo_ydw_table_13,65.7,34.3,Outside the serial-world dictionary,1990–2000,False
2865,1995,14,Dangerous Minds,84919401,84919401.0,100%,,,https://www.boxofficemojo.com/releasegroup/gr3726397957/?ref_=bo_ydw_table_14,100.0,,Outside the serial-world dictionary,1990–2000,False
2866,1995,15,Mr. Holland's Opus,82569971,82569971.0,100%,,,https://www.boxofficemojo.com/releasegroup/gr175526405/?ref_=bo_ydw_table_15,100.0,,Outside the serial-world dictionary,1990–2000,False
2867,1995,16,While You Were Sleeping,81057256,81057016.0,100%,,,https://www.boxofficemojo.com/releasegroup/gr751718917/?ref_=bo_ydw_table_16,100.0,,Outside the serial-world dictionary,1990–2000,False
2868,1995,17,Congo,81022101,81022101.0,100%,,,https://www.boxofficemojo.com/releasegroup/gr1492144645/?ref_=bo_ydw_table_17,100.0,,Outside the serial-world dictionary,1990–2000,False
2869,1995,18,Father of the Bride Part II,76594107,76594107.0,100%,,,https://www.boxofficemojo.com/releasegroup/gr2103857669/?ref_=bo_ydw_table_18,100.0,,Other serial narrative world,1990–2000,True
2870,1995,19,Braveheart,75617265,75609945.0,100%,,,https://www.boxofficemojo.com/releasegroup/gr1910329861/?ref_=bo_ydw_table_19,100.0,,Outside the serial-world dictionary,1990–2000,False
2871,1995,20,Get Shorty,72101622,72101622.0,100%,,,https://www.boxofficemojo.com/releasegroup/gr2414694917/?ref_=bo_ydw_table_20,100.0,,Outside the serial-world dictionary,1990–2000,False
3052,1996,1,Independence Day,306173894,306169268.0,100%,,,https://www.boxofficemojo.com/releasegroup/gr3060158981/?ref_=bo_ydw_table_1,100.0,,Fantasy saga,1990–2000,True
3053,1996,2,Twister,241722530,241721524.0,100%,,,https://www.boxofficemojo.com/releasegroup/gr3345961477/?ref_=bo_ydw_table_2,100.0,,Outside the serial-world dictionary,1990–2000,False
3054,1996,3,Mission: Impossible,180981856,180981856.0,100%,,,https://www.boxofficemojo.com/releasegroup/gr1880314373/?ref_=bo_ydw_table_3,100.0,,Action and service hero,1990–2000,True
3055,1996,4,Jerry Maguire,153952627,153952592.0,100%,,,https://www.boxofficemojo.com/releasegroup/gr3795538437/?ref_=bo_ydw_table_4,100.0,,Outside the serial-world dictionary,1990–2000,False
3056,1996,5,Ransom,136492681,136492681.0,100%,,,https://www.boxofficemojo.com/releasegroup/gr3980874245/?ref_=bo_ydw_table_5,100.0,,Outside the serial-world dictionary,1990–2000,False
3057,1996,6,101 Dalmatians,136189294,136189294.0,100%,,,https://www.boxofficemojo.com/releasegroup/gr477123077/?ref_=bo_ydw_table_6,100.0,,Outside the serial-world dictionary,1990–2000,False
3058,1996,7,The Rock,134069511,134069511.0,100%,,,https://www.boxofficemojo.com/releasegroup/gr2657833477/?ref_=bo_ydw_table_7,100.0,,Outside the serial-world dictionary,1990–2000,False
3059,1996,8,The Nutty Professor,128814019,128814019.0,100%,,,https://www.boxofficemojo.com/releasegroup/gr3789836805/?ref_=bo_ydw_table_8,100.0,,Outside the serial-world dictionary,1990–2000,False
3060,1996,9,The Birdcage,124064711,124060553.0,100%,,,https://www.boxofficemojo.com/releasegroup/gr2020102661/?ref_=bo_ydw_table_9,100.0,,Outside the serial-world dictionary,1990–2000,False
3061,1996,10,A Time to Kill,108766007,108766007.0,100%,,,https://www.boxofficemojo.com/releasegroup/gr1244353029/?ref_=bo_ydw_table_10,100.0,,Outside the serial-world dictionary,1990–2000,False
3062,1996,11,The First Wives Club,105489203,105489203.0,100%,,,https://www.boxofficemojo.com/releasegroup/gr1995985413/?ref_=bo_ydw_table_11,100.0,,Outside the serial-world dictionary,1990–2000,False
3063,1996,12,Phenomenon,104636382,104636382.0,100%,,,https://www.boxofficemojo.com/releasegroup/gr3301855749/?ref_=bo_ydw_table_12,100.0,,Outside the serial-world dictionary,1990–2000,False
3064,1996,13,Scream,103208041,103046663.0,99.8%,161378.0,0.2%,https://www.boxofficemojo.com/releasegroup/gr3765195269/?ref_=bo_ydw_table_13,99.8,0.2,Outside the serial-world dictionary,1990–2000,False
3065,1996,14,Eraser,101295562,101295562.0,100%,,,https://www.boxofficemojo.com/releasegroup/gr3587133957/?ref_=bo_ydw_table_14,100.0,,Outside the serial-world dictionary,1990–2000,False
3066,1996,15,The Hunchback of Notre Dame,100138851,100138851.0,100%,,,https://www.boxofficemojo.com/releasegroup/gr1608733189/?ref_=bo_ydw_table_15,100.0,,Outside the serial-world dictionary,1990–2000,False
3067,1996,16,Michael,95318203,95318203.0,100%,,,https://www.boxofficemojo.com/releasegroup/gr3749663237/?ref_=bo_ydw_table_16,100.0,,Outside the serial-world dictionary,1990–2000,False
3068,1996,17,Star Trek: First Contact,92032841,92027888.0,100%,,,https://www.boxofficemojo.com/releasegroup/gr3236188677/?ref_=bo_ydw_table_17,100.0,,Fantasy saga,1990–2000,True
3069,1996,18,Space Jam,90420742,90418342.0,100%,1019.0,<0.1%,https://www.boxofficemojo.com/releasegroup/gr2211926533/?ref_=bo_ydw_table_18,100.0,0.1,Outside the serial-world dictionary,1990–2000,False
3070,1996,19,The English Patient,78681751,78676425.0,100%,5326.0,<0.1%,https://www.boxofficemojo.com/releasegroup/gr802443781/?ref_=bo_ydw_table_19,100.0,0.1,Outside the serial-world dictionary,1990–2000,False
3071,1996,20,Broken Arrow,70770147,70770147.0,100%,,,https://www.boxofficemojo.com/releasegroup/gr2908180997/?ref_=bo_ydw_table_20,100.0,,Outside the serial-world dictionary,1990–2000,False
3252,1997,1,Titanic,1843373318,600683057.0,32.6%,1242690261.0,67.4%,https://www.boxofficemojo.com/releasegroup/gr4195045893/?ref_=bo_ydw_table_1,32.6,67.4,Outside the serial-world dictionary,1990–2000,False
3253,1997,2,Bean,251212670,45319423.0,18%,205893247.0,82%,https://www.boxofficemojo.com/releasegroup/gr4079899141/?ref_=bo_ydw_table_2,18.0,82.0,Outside the serial-world dictionary,1990–2000,False
3254,1997,3,Men in Black,250690539,250690539.0,100%,,,https://www.boxofficemojo.com/releasegroup/gr3991294469/?ref_=bo_ydw_table_3,100.0,,Fantasy saga,1990–2000,True
3255,1997,4,Batman & Robin,238225195,107325195.0,45.1%,130900000.0,54.9%,https://www.boxofficemojo.com/releasegroup/gr1999524357/?ref_=bo_ydw_table_4,45.1,54.9,Comic-book superhero,1990–2000,True
3256,1997,5,The Lost World: Jurassic Park,229086679,229086679.0,100%,,,https://www.boxofficemojo.com/releasegroup/gr3243201029/?ref_=bo_ydw_table_5,100.0,,Fantasy saga,1990–2000,True
3257,1997,6,Liar Liar,181410871,181410615.0,100%,,,https://www.boxofficemojo.com/releasegroup/gr3489026565/?ref_=bo_ydw_table_6,100.0,,Outside the serial-world dictionary,1990–2000,False
3258,1997,7,Air Force One,172956409,172956409.0,100%,,,https://www.boxofficemojo.com/releasegroup/gr1679839749/?ref_=bo_ydw_table_7,100.0,,Outside the serial-world dictionary,1990–2000,False
3259,1997,8,Speed 2: Cruise Control,164508066,48608066.0,29.5%,115900000.0,70.5%,https://www.boxofficemojo.com/releasegroup/gr2262979077/?ref_=bo_ydw_table_8,29.5,70.5,Outside the serial-world dictionary,1990–2000,False
3260,1997,9,Star Wars: Episode IV - A New Hope 1997 Special Edition,160703600,138257865.0,86%,22445735.0,14%,https://www.boxofficemojo.com/releasegroup/gr123163141/?ref_=bo_ydw_table_9,86.0,14.0,Fantasy saga,1990–2000,True
3261,1997,10,As Good as It Gets,148478011,148478011.0,100%,,,https://www.boxofficemojo.com/releasegroup/gr2353418757/?ref_=bo_ydw_table_10,100.0,,Outside the serial-world dictionary,1990–2000,False
3262,1997,11,Good Will Hunting,138762914,138433435.0,99.8%,329479.0,0.2%,https://www.boxofficemojo.com/releasegroup/gr2010993157/?ref_=bo_ydw_table_11,99.8,0.2,Outside the serial-world dictionary,1990–2000,False
3263,1997,12,My Best Friend's Wedding,127131755,127120029.0,100%,,,https://www.boxofficemojo.com/releasegroup/gr1074549253/?ref_=bo_ydw_table_12,100.0,,Outside the serial-world dictionary,1990–2000,False
3264,1997,13,Tomorrow Never Dies,125305689,125304276.0,100%,,,https://www.boxofficemojo.com/releasegroup/gr2801816069/?ref_=bo_ydw_table_13,100.0,,Action and service hero,1990–2000,True
3265,1997,14,The Full Monty,114634431,45950122.0,40.1%,68684076.0,59.9%,https://www.boxofficemojo.com/releasegroup/gr1567248901/?ref_=bo_ydw_table_14,40.1,59.9,Outside the serial-world dictionary,1990–2000,False
3266,1997,15,Face/Off,112279672,112276146.0,100%,,,https://www.boxofficemojo.com/releasegroup/gr271143429/?ref_=bo_ydw_table_15,100.0,,Outside the serial-world dictionary,1990–2000,False
3267,1997,16,George of the Jungle,105263257,105263257.0,100%,,,https://www.boxofficemojo.com/releasegroup/gr3872018949/?ref_=bo_ydw_table_16,100.0,,Outside the serial-world dictionary,1990–2000,False
3268,1997,17,Scream 2,101363940,101363301.0,100%,,,https://www.boxofficemojo.com/releasegroup/gr2648330757/?ref_=bo_ydw_table_17,100.0,,Other serial narrative world,1990–2000,True
3269,1997,18,Con Air,101146573,101117573.0,100%,27604.0,<0.1%,https://www.boxofficemojo.com/releasegroup/gr812077573/?ref_=bo_ydw_table_18,100.0,0.1,Outside the serial-world dictionary,1990–2000,False
3270,1997,19,Contact,100920329,100920329.0,100%,,,https://www.boxofficemojo.com/releasegroup/gr634343941/?ref_=bo_ydw_table_19,100.0,,Outside the serial-world dictionary,1990–2000,False
3271,1997,20,Hercules,99112101,99112101.0,100%,,,https://www.boxofficemojo.com/releasegroup/gr534729221/?ref_=bo_ydw_table_20,100.0,,Outside the serial-world dictionary,1990–2000,False
3452,1998,1,Armageddon,553709788,201578182.0,36.4%,352131606.0,63.6%,https://www.boxofficemojo.com/releasegroup/gr1953976837/?ref_=bo_ydw_table_1,36.4,63.6,Outside the serial-world dictionary,1990–2000,False
3453,1998,2,Saving Private Ryan,481840909,216540909.0,44.9%,265300000.0,55.1%,https://www.boxofficemojo.com/releasegroup/gr1632588293/?ref_=bo_ydw_table_2,44.9,55.1,Outside the serial-world dictionary,1990–2000,False
3454,1998,3,Godzilla,379014294,136314294.0,36%,242700000.0,64%,https://www.boxofficemojo.com/releasegroup/gr4215296517/?ref_=bo_ydw_table_3,36.0,64.0,Fantasy saga,1990–2000,True
3455,1998,4,There's Something About Mary,369884651,176484651.0,47.7%,193400000.0,52.3%,https://www.boxofficemojo.com/releasegroup/gr3676918277/?ref_=bo_ydw_table_4,47.7,52.3,Outside the serial-world dictionary,1990–2000,False
3456,1998,5,A Bug's Life,363258859,162798565.0,44.8%,200460294.0,55.2%,https://www.boxofficemojo.com/releasegroup/gr894915077/?ref_=bo_ydw_table_5,44.8,55.2,Outside the serial-world dictionary,1990–2000,False
3457,1998,6,Mulan,304320254,120620254.0,39.6%,183700000.0,60.4%,https://www.boxofficemojo.com/releasegroup/gr3278852613/?ref_=bo_ydw_table_6,39.6,60.4,Outside the serial-world dictionary,1990–2000,False
3458,1998,7,Doctor Dolittle,294456605,144156605.0,49%,150300000.0,51%,https://www.boxofficemojo.com/releasegroup/gr245977605/?ref_=bo_ydw_table_7,49.0,51.0,Outside the serial-world dictionary,1990–2000,False
3459,1998,8,Shakespeare in Love,289317794,100317794.0,34.7%,189000000.0,65.3%,https://www.boxofficemojo.com/releasegroup/gr2951238149/?ref_=bo_ydw_table_8,34.7,65.3,Outside the serial-world dictionary,1990–2000,False
3460,1998,9,Lethal Weapon 4,285444603,130444603.0,45.7%,155000000.0,54.3%,https://www.boxofficemojo.com/releasegroup/gr3764867589/?ref_=bo_ydw_table_9,45.7,54.3,Action and service hero,1990–2000,True
3461,1998,10,The Truman Show,264118201,125618201.0,47.6%,138500000.0,52.4%,https://www.boxofficemojo.com/releasegroup/gr1388728837/?ref_=bo_ydw_table_10,47.6,52.4,Outside the serial-world dictionary,1990–2000,False
3462,1998,11,Enemy of the State,250849789,111549836.0,44.5%,139299953.0,55.5%,https://www.boxofficemojo.com/releasegroup/gr2605797893/?ref_=bo_ydw_table_11,44.5,55.5,Outside the serial-world dictionary,1990–2000,False
3463,1998,12,You've Got Mail,250821495,115821495.0,46.2%,135000000.0,53.8%,https://www.boxofficemojo.com/releasegroup/gr3711914501/?ref_=bo_ydw_table_12,46.2,53.8,Outside the serial-world dictionary,1990–2000,False
3464,1998,13,The Mask of Zorro,250288523,94095523.0,37.6%,156193000.0,62.4%,https://www.boxofficemojo.com/releasegroup/gr2011255301/?ref_=bo_ydw_table_13,37.6,62.4,Outside the serial-world dictionary,1990–2000,False
3465,1998,14,Rush Hour,244386864,141186864.0,57.8%,103200000.0,42.2%,https://www.boxofficemojo.com/releasegroup/gr3270791685/?ref_=bo_ydw_table_14,57.8,42.2,Action and service hero,1990–2000,True
3466,1998,15,Life Is Beautiful,228847384,57247384.0,25%,171600000.0,75%,https://www.boxofficemojo.com/releasegroup/gr1735283205/?ref_=bo_ydw_table_15,25.0,75.0,Outside the serial-world dictionary,1990–2000,False
3467,1998,16,The Prince of Egypt,218613188,101413188.0,46.4%,117200000.0,53.6%,https://www.boxofficemojo.com/releasegroup/gr3511439877/?ref_=bo_ydw_table_16,46.4,53.6,Outside the serial-world dictionary,1990–2000,False
3468,1998,17,Patch Adams,202292902,135026902.0,66.7%,67266000.0,33.3%,https://www.boxofficemojo.com/releasegroup/gr1138577925/?ref_=bo_ydw_table_17,66.7,33.3,Outside the serial-world dictionary,1990–2000,False
3469,1998,18,City of Angels,198685114,78685114.0,39.6%,120000000.0,60.4%,https://www.boxofficemojo.com/releasegroup/gr2754302469/?ref_=bo_ydw_table_18,39.6,60.4,Outside the serial-world dictionary,1990–2000,False
3470,1998,19,The Horse Whisperer,186883563,75383563.0,40.3%,111500000.0,59.7%,https://www.boxofficemojo.com/releasegroup/gr892424709/?ref_=bo_ydw_table_19,40.3,59.7,Outside the serial-world dictionary,1990–2000,False
3471,1998,20,The Waterboy,185991646,161491646.0,86.8%,24500000.0,13.2%,https://www.boxofficemojo.com/releasegroup/gr1044861445/?ref_=bo_ydw_table_20,86.8,13.2,Outside the serial-world dictionary,1990–2000,False
3652,1999,1,Star Wars: Episode I - The Phantom Menace,924305084,431088295.0,46.6%,493216789.0,53.4%,https://www.boxofficemojo.com/releasegroup/gr2130858501/?ref_=bo_ydw_table_1,46.6,53.4,Fantasy saga,1990–2000,True
3653,1999,2,The Sixth Sense,672806292,293506292.0,43.6%,379300000.0,56.4%,https://www.boxofficemojo.com/releasegroup/gr3454226949/?ref_=bo_ydw_table_2,43.6,56.4,Outside the serial-world dictionary,1990–2000,False
3654,1999,3,Toy Story 2,487059677,245852179.0,50.5%,241207498.0,49.5%,https://www.boxofficemojo.com/releasegroup/gr4031336965/?ref_=bo_ydw_table_3,50.5,49.5,Animated and family hero,1990–2000,True
3655,1999,4,The Matrix,463517383,171479930.0,37%,292037453.0,63%,https://www.boxofficemojo.com/releasegroup/gr979587589/?ref_=bo_ydw_table_4,37.0,63.0,Fantasy saga,1990–2000,True
3656,1999,5,Tarzan,448191819,171091819.0,38.2%,277100000.0,61.8%,https://www.boxofficemojo.com/releasegroup/gr2698793477/?ref_=bo_ydw_table_5,38.2,61.8,Outside the serial-world dictionary,1990–2000,False
3657,1999,6,Notting Hill,363889678,116089678.0,31.9%,247800000.0,68.1%,https://www.boxofficemojo.com/releasegroup/gr224743941/?ref_=bo_ydw_table_6,31.9,68.1,Outside the serial-world dictionary,1990–2000,False
3658,1999,7,American Beauty,356296601,130096601.0,36.5%,226200000.0,63.5%,https://www.boxofficemojo.com/releasegroup/gr425677317/?ref_=bo_ydw_table_7,36.5,63.5,Outside the serial-world dictionary,1990–2000,False
3659,1999,8,Runaway Bride,309460292,152257509.0,49.2%,157202783.0,50.8%,https://www.boxofficemojo.com/releasegroup/gr2958905861/?ref_=bo_ydw_table_8,49.2,50.8,Outside the serial-world dictionary,1990–2000,False
3660,1999,9,Stuart Little,300135367,140035367.0,46.7%,160100000.0,53.3%,https://www.boxofficemojo.com/releasegroup/gr941445637/?ref_=bo_ydw_table_9,46.7,53.3,Outside the serial-world dictionary,1990–2000,False
3661,1999,10,The Green Mile,286801374,136801374.0,47.7%,150000000.0,52.3%,https://www.boxofficemojo.com/releasegroup/gr2318291461/?ref_=bo_ydw_table_10,47.7,52.3,Outside the serial-world dictionary,1990–2000,False
3662,1999,11,The Blair Witch Project,248639099,140539099.0,56.5%,108100000.0,43.5%,https://www.boxofficemojo.com/releasegroup/gr1121538565/?ref_=bo_ydw_table_11,56.5,43.5,Outside the serial-world dictionary,1990–2000,False
3663,1999,12,American Pie,235483004,102561004.0,43.6%,132922000.0,56.4%,https://www.boxofficemojo.com/releasegroup/gr3982905861/?ref_=bo_ydw_table_12,43.6,56.4,Other serial narrative world,1990–2000,True
3664,1999,13,Big Daddy,234801895,163479795.0,69.6%,71322100.0,30.4%,https://www.boxofficemojo.com/releasegroup/gr923816453/?ref_=bo_ydw_table_13,69.6,30.4,Outside the serial-world dictionary,1990–2000,False
3665,1999,14,Wild Wild West,222104681,113804681.0,51.2%,108300000.0,48.8%,https://www.boxofficemojo.com/releasegroup/gr3288945157/?ref_=bo_ydw_table_14,51.2,48.8,Outside the serial-world dictionary,1990–2000,False
3666,1999,15,Entrapment,212404396,87704396.0,41.3%,124700000.0,58.7%,https://www.boxofficemojo.com/releasegroup/gr3443216901/?ref_=bo_ydw_table_15,41.3,58.7,Outside the serial-world dictionary,1990–2000,False
3667,1999,16,End of Days,211989043,66889043.0,31.6%,145100000.0,68.4%,https://www.boxofficemojo.com/releasegroup/gr3698348549/?ref_=bo_ydw_table_16,31.6,68.4,Outside the serial-world dictionary,1990–2000,False
3668,1999,17,Austin Powers: The Spy Who Shagged Me,206756403,206040086.0,99.7%,715970.0,0.3%,https://www.boxofficemojo.com/releasegroup/gr4040053253/?ref_=bo_ydw_table_17,99.7,0.3,Outside the serial-world dictionary,1990–2000,False
3669,1999,18,Sleepy Hollow,206071502,101071502.0,49%,105000000.0,51%,https://www.boxofficemojo.com/releasegroup/gr4249244165/?ref_=bo_ydw_table_18,49.0,51.0,Outside the serial-world dictionary,1990–2000,False
3670,1999,19,Double Jeopardy,177841558,116741558.0,65.6%,61100000.0,34.4%,https://www.boxofficemojo.com/releasegroup/gr3496104453/?ref_=bo_ydw_table_19,65.6,34.4,Outside the serial-world dictionary,1990–2000,False
3671,1999,20,The Haunting,177311151,91411151.0,51.6%,85900000.0,48.4%,https://www.boxofficemojo.com/releasegroup/gr2383565317/?ref_=bo_ydw_table_20,51.6,48.4,Outside the serial-world dictionary,1990–2000,False
3852,2000,1,Mission: Impossible II,546388108,215409889.0,39.4%,330978219.0,60.6%,https://www.boxofficemojo.com/releasegroup/gr891703813/?ref_=bo_ydw_table_1,39.4,60.6,Action and service hero,1990–2000,True
3853,2000,2,Gladiator,460583960,187705427.0,40.8%,272878533.0,59.2%,https://www.boxofficemojo.com/releasegroup/gr2536067589/?ref_=bo_ydw_table_2,40.8,59.2,Outside the serial-world dictionary,1990–2000,False
3854,2000,3,Cast Away,429632142,233632142.0,54.4%,196000000.0,45.6%,https://www.boxofficemojo.com/releasegroup/gr2299220485/?ref_=bo_ydw_table_3,54.4,45.6,Outside the serial-world dictionary,1990–2000,False
3855,2000,4,What Women Want,374111707,182811707.0,48.9%,191300000.0,51.1%,https://www.boxofficemojo.com/releasegroup/gr1596084741/?ref_=bo_ydw_table_4,48.9,51.1,Outside the serial-world dictionary,1990–2000,False
3856,2000,5,Dinosaur,349822765,137748063.0,39.4%,212074702.0,60.6%,https://www.boxofficemojo.com/releasegroup/gr593646085/?ref_=bo_ydw_table_5,39.4,60.6,Outside the serial-world dictionary,1990–2000,False
3857,2000,6,How the Grinch Stole Christmas,346328278,261231700.0,75.4%,85096578.0,24.6%,https://www.boxofficemojo.com/releasegroup/gr3123859973/?ref_=bo_ydw_table_6,75.4,24.6,Animated and family hero,1990–2000,True
3858,2000,7,Meet the Parents,330444045,166244045.0,50.3%,164200000.0,49.7%,https://www.boxofficemojo.com/releasegroup/gr688607749/?ref_=bo_ydw_table_7,50.3,49.7,Other serial narrative world,1990–2000,True
3859,2000,8,The Perfect Storm,328718434,182618434.0,55.6%,146100000.0,44.4%,https://www.boxofficemojo.com/releasegroup/gr443306501/?ref_=bo_ydw_table_8,55.6,44.4,Outside the serial-world dictionary,1990–2000,False
3860,2000,9,X-Men,296339528,157299718.0,53.1%,139039810.0,46.9%,https://www.boxofficemojo.com/releasegroup/gr3748418053/?ref_=bo_ydw_table_9,53.1,46.9,Comic-book superhero,1990–2000,True
3861,2000,10,What Lies Beneath,291420351,155464351.0,53.3%,135956000.0,46.7%,https://www.boxofficemojo.com/releasegroup/gr3927265797/?ref_=bo_ydw_table_10,53.3,46.7,Outside the serial-world dictionary,1990–2000,False
3862,2000,11,Scary Movie,278019771,157019771.0,56.5%,121000000.0,43.5%,https://www.boxofficemojo.com/releasegroup/gr601772549/?ref_=bo_ydw_table_11,56.5,43.5,Other serial narrative world,1990–2000,True
3863,2000,12,Charlie's Angels,264105545,125305545.0,47.4%,138800000.0,52.6%,https://www.boxofficemojo.com/releasegroup/gr423580165/?ref_=bo_ydw_table_12,47.4,52.6,Action and service hero,1990–2000,True
3864,2000,13,Unbreakable,248118121,95011339.0,38.3%,153106782.0,61.7%,https://www.boxofficemojo.com/releasegroup/gr3706802693/?ref_=bo_ydw_table_13,38.3,61.7,Outside the serial-world dictionary,1990–2000,False
3865,2000,14,Gone in 60 Seconds,237202299,101648571.0,42.9%,135553728.0,57.1%,https://www.boxofficemojo.com/releasegroup/gr3158135301/?ref_=bo_ydw_table_14,42.9,57.1,Outside the serial-world dictionary,1990–2000,False
3866,2000,15,Chicken Run,224834564,106834564.0,47.5%,118000000.0,52.5%,https://www.boxofficemojo.com/releasegroup/gr3822277125/?ref_=bo_ydw_table_15,47.5,52.5,Animated and family hero,1990–2000,True
3867,2000,16,Vertical Limit,215663859,69243859.0,32.1%,146420000.0,67.9%,https://www.boxofficemojo.com/releasegroup/gr1875005957/?ref_=bo_ydw_table_16,32.1,67.9,Outside the serial-world dictionary,1990–2000,False
3868,2000,17,The Patriot,215294342,113330342.0,52.6%,101964000.0,47.4%,https://www.boxofficemojo.com/releasegroup/gr3695596037/?ref_=bo_ydw_table_17,52.6,47.4,Outside the serial-world dictionary,1990–2000,False
3869,2000,18,"Crouching Tiger, Hidden Dragon",213525736,128078872.0,60%,85446864.0,40%,https://www.boxofficemojo.com/releasegroup/gr3580187141/?ref_=bo_ydw_table_18,60.0,40.0,Outside the serial-world dictionary,1990–2000,False
3870,2000,19,Miss Congeniality,212742720,106807667.0,50.2%,105935053.0,49.8%,https://www.boxofficemojo.com/releasegroup/gr4215886341/?ref_=bo_ydw_table_19,50.2,49.8,Outside the serial-world dictionary,1990–2000,False
3871,2000,20,Traffic,207515725,124115725.0,59.8%,83400000.0,40.2%,https://www.boxofficemojo.com/releasegroup/gr3420475909/?ref_=bo_ydw_table_20,59.8,40.2,Outside the serial-world dictionary,1990–2000,False
4052,2001,1,Harry Potter and the Philosopher's Stone,974755371,317575550.0,32.6%,657179821.0,67.4%,https://www.boxofficemojo.com/releasegroup/gr2296795653/?ref_=bo_ydw_table_1,32.6,67.4,Fantasy saga,2001–2008,True
4053,2001,2,The Lord of the Rings: The Fellowship of the Ring,868385360,313364114.0,36.1%,555021246.0,63.9%,https://www.boxofficemojo.com/releasegroup/gr892686853/?ref_=bo_ydw_table_2,36.1,63.9,Fantasy saga,2001–2008,True
4054,2001,3,"Monsters, Inc.",528773250,255873250.0,48.4%,272900000.0,51.6%,https://www.boxofficemojo.com/releasegroup/gr589582853/?ref_=bo_ydw_table_3,48.4,51.6,Animated and family hero,2001–2008,True
4055,2001,4,Shrek,484944448,268200241.0,55.3%,216744207.0,44.7%,https://www.boxofficemojo.com/releasegroup/gr3227800069/?ref_=bo_ydw_table_4,55.3,44.7,Animated and family hero,2001–2008,True
4056,2001,5,Ocean's Eleven,450717150,183417150.0,40.7%,267300000.0,59.3%,https://www.boxofficemojo.com/releasegroup/gr2971685381/?ref_=bo_ydw_table_5,40.7,59.3,Action and service hero,2001–2008,True
4057,2001,6,Pearl Harbor,449220945,198542554.0,44.2%,250678391.0,55.8%,https://www.boxofficemojo.com/releasegroup/gr2728940037/?ref_=bo_ydw_table_6,44.2,55.8,Outside the serial-world dictionary,2001–2008,False
4058,2001,7,The Mummy Returns,433013274,202019785.0,46.7%,230993489.0,53.3%,https://www.boxofficemojo.com/releasegroup/gr4044575237/?ref_=bo_ydw_table_7,46.7,53.3,Fantasy saga,2001–2008,True
4059,2001,8,Jurassic Park III,368780809,181171875.0,49.1%,187608934.0,50.9%,https://www.boxofficemojo.com/releasegroup/gr1745375749/?ref_=bo_ydw_table_8,49.1,50.9,Fantasy saga,2001–2008,True
4060,2001,9,Planet of the Apes,362211740,180011740.0,49.7%,182200000.0,50.3%,https://www.boxofficemojo.com/releasegroup/gr2317373957/?ref_=bo_ydw_table_9,49.7,50.3,Fantasy saga,2001–2008,True
4061,2001,10,Hannibal,351692268,165092268.0,46.9%,186600000.0,53.1%,https://www.boxofficemojo.com/releasegroup/gr962220549/?ref_=bo_ydw_table_10,46.9,53.1,Outside the serial-world dictionary,2001–2008,False
4062,2001,11,Rush Hour 2,347325802,226164286.0,65.1%,121161516.0,34.9%,https://www.boxofficemojo.com/releasegroup/gr554586629/?ref_=bo_ydw_table_11,65.1,34.9,Action and service hero,2001–2008,True
4063,2001,12,A Beautiful Mind,313542341,170742341.0,54.5%,142800000.0,45.5%,https://www.boxofficemojo.com/releasegroup/gr1696027141/?ref_=bo_ydw_table_12,54.5,45.5,Outside the serial-world dictionary,2001–2008,False
4064,2001,13,American Pie 2,287553595,145103595.0,50.5%,142450000.0,49.5%,https://www.boxofficemojo.com/releasegroup/gr2466075141/?ref_=bo_ydw_table_13,50.5,49.5,Other serial narrative world,2001–2008,True
4065,2001,14,Bridget Jones's Diary,281929795,71543427.0,25.4%,210386368.0,74.6%,https://www.boxofficemojo.com/releasegroup/gr2549961221/?ref_=bo_ydw_table_14,25.4,74.6,Other serial narrative world,2001–2008,True
4066,2001,15,Spirited Away,274925095,10055859.0,3.7%,264869236.0,96.3%,https://www.boxofficemojo.com/releasegroup/gr1694585349/?ref_=bo_ydw_table_15,3.7,96.3,Outside the serial-world dictionary,2001–2008,False
4067,2001,16,Lara Croft: Tomb Raider,274703340,131168070.0,47.7%,143535270.0,52.3%,https://www.boxofficemojo.com/releasegroup/gr373445125/?ref_=bo_ydw_table_16,47.7,52.3,Outside the serial-world dictionary,2001–2008,False
4068,2001,17,A.I. Artificial Intelligence,235926552,78616689.0,33.3%,157309863.0,66.7%,https://www.boxofficemojo.com/releasegroup/gr3117306373/?ref_=bo_ydw_table_17,33.3,66.7,Outside the serial-world dictionary,2001–2008,False
4069,2001,18,The Others,209947037,96522687.0,46%,113424350.0,54%,https://www.boxofficemojo.com/releasegroup/gr1188450821/?ref_=bo_ydw_table_18,46.0,54.0,Outside the serial-world dictionary,2001–2008,False
4070,2001,19,The Fast and the Furious,207283925,144533925.0,69.7%,62750000.0,30.3%,https://www.boxofficemojo.com/releasegroup/gr4182725125/?ref_=bo_ydw_table_19,69.7,30.3,Outside the serial-world dictionary,2001–2008,False
4071,2001,20,Vanilla Sky,203388341,100618344.0,49.5%,102769997.0,50.5%,https://www.boxofficemojo.com/releasegroup/gr3419034117/?ref_=bo_ydw_table_20,49.5,50.5,Outside the serial-world dictionary,2001–2008,False
4252,2002,1,The Lord of the Rings: The Two Towers,923015234,339789881.0,36.8%,583225353.0,63.2%,https://www.boxofficemojo.com/releasegroup/gr608064005/?ref_=bo_ydw_table_1,36.8,63.2,Fantasy saga,2001–2008,True
4253,2002,2,Harry Potter and the Chamber of Secrets,878979634,261988482.0,29.8%,616991152.0,70.2%,https://www.boxofficemojo.com/releasegroup/gr433738245/?ref_=bo_ydw_table_2,29.8,70.2,Fantasy saga,2001–2008,True
4254,2002,3,Spider-Man,804500648,403706375.0,50.2%,400745637.0,49.8%,https://www.boxofficemojo.com/releasegroup/gr695423493/?ref_=bo_ydw_table_3,50.2,49.8,Comic-book superhero,2001–2008,True
4255,2002,4,Star Wars: Episode II - Attack of the Clones,645256452,302191252.0,46.8%,343065200.0,53.2%,https://www.boxofficemojo.com/releasegroup/gr4056830469/?ref_=bo_ydw_table_4,46.8,53.2,Fantasy saga,2001–2008,True
4256,2002,5,Men in Black II,441818803,190418803.0,43.1%,251400000.0,56.9%,https://www.boxofficemojo.com/releasegroup/gr1372344837/?ref_=bo_ydw_table_5,43.1,56.9,Fantasy saga,2001–2008,True
4257,2002,6,Die Another Day,431971116,160942139.0,37.3%,271028977.0,62.7%,https://www.boxofficemojo.com/releasegroup/gr2035896837/?ref_=bo_ydw_table_6,37.3,62.7,Action and service hero,2001–2008,True
4258,2002,7,Signs,408247917,227966634.0,55.8%,180281283.0,44.2%,https://www.boxofficemojo.com/releasegroup/gr4148318725/?ref_=bo_ydw_table_7,55.8,44.2,Outside the serial-world dictionary,2001–2008,False
4259,2002,8,Ice Age,383257136,176387405.0,46%,206869731.0,54%,https://www.boxofficemojo.com/releasegroup/gr3068547589/?ref_=bo_ydw_table_8,46.0,54.0,Animated and family hero,2001–2008,True
4260,2002,9,My Big Fat Greek Wedding,368744044,241438208.0,65.5%,127305836.0,34.5%,https://www.boxofficemojo.com/releasegroup/gr1464553989/?ref_=bo_ydw_table_9,65.5,34.5,Outside the serial-world dictionary,2001–2008,False
4261,2002,10,Minority Report,358372926,132072926.0,36.9%,226300000.0,63.1%,https://www.boxofficemojo.com/releasegroup/gr4148384261/?ref_=bo_ydw_table_10,36.9,63.1,Outside the serial-world dictionary,2001–2008,False
4262,2002,11,Catch Me If You Can,352114312,164615351.0,46.8%,187498961.0,53.2%,https://www.boxofficemojo.com/releasegroup/gr834818565/?ref_=bo_ydw_table_11,46.8,53.2,Outside the serial-world dictionary,2001–2008,False
4263,2002,12,Chicago,306776732,170687518.0,55.6%,136089214.0,44.4%,https://www.boxofficemojo.com/releasegroup/gr2033275397/?ref_=bo_ydw_table_12,55.6,44.4,Outside the serial-world dictionary,2001–2008,False
4264,2002,13,Austin Powers in Goldmember,296939148,213307889.0,71.8%,83630912.0,28.2%,https://www.boxofficemojo.com/releasegroup/gr2821280261/?ref_=bo_ydw_table_13,71.8,28.2,Outside the serial-world dictionary,2001–2008,False
4265,2002,14,xXx,277448382,142109382.0,51.2%,135339000.0,48.8%,https://www.boxofficemojo.com/releasegroup/gr3441447429/?ref_=bo_ydw_table_14,51.2,48.8,Outside the serial-world dictionary,2001–2008,False
4266,2002,15,Scooby-Doo,275650703,153294164.0,55.6%,122356539.0,44.4%,https://www.boxofficemojo.com/releasegroup/gr198595077/?ref_=bo_ydw_table_15,55.6,44.4,Outside the serial-world dictionary,2001–2008,False
4267,2002,16,Lilo & Stitch,273144151,145794338.0,53.4%,127349813.0,46.6%,https://www.boxofficemojo.com/releasegroup/gr4208480773/?ref_=bo_ydw_table_16,53.4,46.6,Animated and family hero,2001–2008,True
4268,2002,17,The Ring,249348933,129128133.0,51.8%,120220800.0,48.2%,https://www.boxofficemojo.com/releasegroup/gr1919308293/?ref_=bo_ydw_table_17,51.8,48.2,Outside the serial-world dictionary,2001–2008,False
4269,2002,18,8 Mile,242875078,116750901.0,48.1%,126124177.0,51.9%,https://www.boxofficemojo.com/releasegroup/gr3005633029/?ref_=bo_ydw_table_18,48.1,51.9,Outside the serial-world dictionary,2001–2008,False
4270,2002,19,The Bourne Identity,214034224,121661683.0,56.8%,92372541.0,43.2%,https://www.boxofficemojo.com/releasegroup/gr660492805/?ref_=bo_ydw_table_19,56.8,43.2,Action and service hero,2001–2008,True
4271,2002,20,Red Dragon,209196298,93149898.0,44.5%,116046400.0,55.5%,https://www.boxofficemojo.com/releasegroup/gr2788577797/?ref_=bo_ydw_table_20,44.5,55.5,Outside the serial-world dictionary,2001–2008,False
4452,2003,1,The Lord of the Rings: The Return of the King,1118887224,377027325.0,33.7%,741859899.0,66.3%,https://www.boxofficemojo.com/releasegroup/gr1274302981/?ref_=bo_ydw_table_1,33.7,66.3,Fantasy saga,2001–2008,True
4453,2003,2,Finding Nemo,871014978,339714978.0,39%,531300000.0,61%,https://www.boxofficemojo.com/releasegroup/gr1846039045/?ref_=bo_ydw_table_2,39.0,61.0,Animated and family hero,2001–2008,True
4454,2003,3,The Matrix Reloaded,739412035,281576461.0,38.1%,457835574.0,61.9%,https://www.boxofficemojo.com/releasegroup/gr2949468677/?ref_=bo_ydw_table_3,38.1,61.9,Fantasy saga,2001–2008,True
4455,2003,4,Pirates of the Caribbean: The Curse of the Black Pearl,654264015,305413918.0,46.7%,348850097.0,53.3%,https://www.boxofficemojo.com/releasegroup/gr2457162245/?ref_=bo_ydw_table_4,46.7,53.3,Fantasy saga,2001–2008,True
4456,2003,5,Bruce Almighty,484592874,242829261.0,50.1%,241763613.0,49.9%,https://www.boxofficemojo.com/releasegroup/gr2967425541/?ref_=bo_ydw_table_5,50.1,49.9,Outside the serial-world dictionary,2001–2008,False
4457,2003,6,The Last Samurai,454627263,111127263.0,24.4%,343500000.0,75.6%,https://www.boxofficemojo.com/releasegroup/gr1710707205/?ref_=bo_ydw_table_6,24.4,75.6,Outside the serial-world dictionary,2001–2008,False
4458,2003,7,Terminator 3: Rise of the Machines,433371112,150371112.0,34.7%,283000000.0,65.3%,https://www.boxofficemojo.com/releasegroup/gr993677829/?ref_=bo_ydw_table_7,34.7,65.3,Fantasy saga,2001–2008,True
4459,2003,8,The Matrix Revolutions,427343298,139313948.0,32.6%,288029350.0,67.4%,https://www.boxofficemojo.com/releasegroup/gr1110528517/?ref_=bo_ydw_table_8,32.6,67.4,Fantasy saga,2001–2008,True
4460,2003,9,X2: X-Men United,407711549,214949694.0,52.7%,192761855.0,47.3%,https://www.boxofficemojo.com/releasegroup/gr1919832581/?ref_=bo_ydw_table_9,52.7,47.3,Comic-book superhero,2001–2008,True
4461,2003,10,Bad Boys II,273339556,138608444.0,50.7%,134731112.0,49.3%,https://www.boxofficemojo.com/releasegroup/gr1608077829/?ref_=bo_ydw_table_10,50.7,49.3,Action and service hero,2001–2008,True
4462,2003,11,Something's Gotta Give,265328738,124728738.0,47%,140600000.0,53%,https://www.boxofficemojo.com/releasegroup/gr1061704197/?ref_=bo_ydw_table_11,47.0,53.0,Outside the serial-world dictionary,2001–2008,False
4463,2003,12,Charlie's Angels: Full Throttle,259175788,100830111.0,38.9%,158345677.0,61.1%,https://www.boxofficemojo.com/releasegroup/gr1559187973/?ref_=bo_ydw_table_12,38.9,61.1,Action and service hero,2001–2008,True
4464,2003,13,The Village,256697520,114197520.0,44.5%,142500000.0,55.5%,https://www.boxofficemojo.com/releasegroup/gr3018084869/?ref_=bo_ydw_table_13,44.5,55.5,Outside the serial-world dictionary,2001–2008,False
4465,2003,14,Brother Bear,250397798,85336277.0,34.1%,165061521.0,65.9%,https://www.boxofficemojo.com/releasegroup/gr168448517/?ref_=bo_ydw_table_14,34.1,65.9,Outside the serial-world dictionary,2001–2008,False
4466,2003,15,Hulk,245285165,132177234.0,53.9%,113107931.0,46.1%,https://www.boxofficemojo.com/releasegroup/gr2086818309/?ref_=bo_ydw_table_15,53.9,46.1,Outside the serial-world dictionary,2001–2008,False
4467,2003,16,Love Actually,245062641,59827019.0,24.4%,185235622.0,75.6%,https://www.boxofficemojo.com/releasegroup/gr2132234757/?ref_=bo_ydw_table_16,24.4,75.6,Outside the serial-world dictionary,2001–2008,False
4468,2003,17,2 Fast 2 Furious,236350661,127154901.0,53.8%,109195760.0,46.2%,https://www.boxofficemojo.com/releasegroup/gr558518789/?ref_=bo_ydw_table_17,53.8,46.2,Outside the serial-world dictionary,2001–2008,False
4469,2003,18,American Wedding,232722935,104565114.0,44.9%,128157821.0,55.1%,https://www.boxofficemojo.com/releasegroup/gr2152354309/?ref_=bo_ydw_table_18,44.9,55.1,Outside the serial-world dictionary,2001–2008,False
4470,2003,19,Scary Movie 3,220673217,110003217.0,49.8%,110670000.0,50.2%,https://www.boxofficemojo.com/releasegroup/gr885084677/?ref_=bo_ydw_table_19,49.8,50.2,Other serial narrative world,2001–2008,True
4471,2003,20,Elf,220443451,173398518.0,78.7%,47044933.0,21.3%,https://www.boxofficemojo.com/releasegroup/gr3670561285/?ref_=bo_ydw_table_20,78.7,21.3,Outside the serial-world dictionary,2001–2008,False
4652,2004,1,Shrek 2,929110148,441550292.0,47.5%,487534523.0,52.5%,https://www.boxofficemojo.com/releasegroup/gr2524271109/?ref_=bo_ydw_table_1,47.5,52.5,Animated and family hero,2001–2008,True
4653,2004,2,Harry Potter and the Prisoner of Azkaban,795634069,249541069.0,31.4%,546093000.0,68.6%,https://www.boxofficemojo.com/releasegroup/gr694505989/?ref_=bo_ydw_table_2,31.4,68.6,Fantasy saga,2001–2008,True
4654,2004,3,Spider-Man 2,786421113,373585825.0,47.5%,412787559.0,52.5%,https://www.boxofficemojo.com/releasegroup/gr2282115589/?ref_=bo_ydw_table_3,47.5,52.5,Comic-book superhero,2001–2008,True
4655,2004,4,The Incredibles,631442092,261441092.0,41.4%,370001000.0,58.6%,https://www.boxofficemojo.com/releasegroup/gr3888796165/?ref_=bo_ydw_table_4,41.4,58.6,Comic-book superhero,2001–2008,True
4656,2004,5,The Passion of the Christ,609493825,370274604.0,60.8%,239219221.0,39.2%,https://www.boxofficemojo.com/releasegroup/gr2935247365/?ref_=bo_ydw_table_5,60.8,39.2,Outside the serial-world dictionary,2001–2008,False
4657,2004,6,The Day After Tomorrow,552639571,186740799.0,33.8%,365898772.0,66.2%,https://www.boxofficemojo.com/releasegroup/gr526471685/?ref_=bo_ydw_table_6,33.8,66.2,Outside the serial-world dictionary,2001–2008,False
4658,2004,7,Meet the Fockers,522657936,279261160.0,53.4%,243396776.0,46.6%,https://www.boxofficemojo.com/releasegroup/gr207442437/?ref_=bo_ydw_table_7,53.4,46.6,Outside the serial-world dictionary,2001–2008,False
4659,2004,8,Troy,497409852,133378256.0,26.8%,364031596.0,73.2%,https://www.boxofficemojo.com/releasegroup/gr771314181/?ref_=bo_ydw_table_8,26.8,73.2,Outside the serial-world dictionary,2001–2008,False
4660,2004,9,Shark Tale,374583879,160861908.0,42.9%,213721971.0,57.1%,https://www.boxofficemojo.com/releasegroup/gr372658693/?ref_=bo_ydw_table_9,42.9,57.1,Outside the serial-world dictionary,2001–2008,False
4661,2004,10,Ocean's Twelve,362744280,125544280.0,34.6%,237200000.0,65.4%,https://www.boxofficemojo.com/releasegroup/gr2515358213/?ref_=bo_ydw_table_10,34.6,65.4,Action and service hero,2001–2008,True
4662,2004,11,"I, Robot",353133898,144801023.0,41%,208332875.0,59%,https://www.boxofficemojo.com/releasegroup/gr1479627269/?ref_=bo_ydw_table_11,41.0,59.0,Outside the serial-world dictionary,2001–2008,False
4663,2004,12,National Treasure,347512318,173008894.0,49.8%,174503424.0,50.2%,https://www.boxofficemojo.com/releasegroup/gr2255639045/?ref_=bo_ydw_table_12,49.8,50.2,Action and service hero,2001–2008,True
4664,2004,13,Van Helsing,300157638,120177084.0,40%,179980554.0,60%,https://www.boxofficemojo.com/releasegroup/gr3103674885/?ref_=bo_ydw_table_13,40.0,60.0,Outside the serial-world dictionary,2001–2008,False
4665,2004,14,The Bourne Supremacy,290633422,176241941.0,60.6%,114391481.0,39.4%,https://www.boxofficemojo.com/releasegroup/gr1393775109/?ref_=bo_ydw_table_14,60.6,39.4,Action and service hero,2001–2008,True
4666,2004,15,The Polar Express,286000505,162775358.0,56.9%,123225147.0,43.1%,https://www.boxofficemojo.com/releasegroup/gr586109445/?ref_=bo_ydw_table_15,56.9,43.1,Outside the serial-world dictionary,2001–2008,False
4667,2004,16,Bridget Jones: The Edge of Reason,265126918,40226215.0,15.2%,224900703.0,84.8%,https://www.boxofficemojo.com/releasegroup/gr617042437/?ref_=bo_ydw_table_16,15.2,84.8,Other serial narrative world,2001–2008,True
4668,2004,17,Howl's Moving Castle,235184110,4711096.0,2%,230473014.0,98%,https://www.boxofficemojo.com/releasegroup/gr4080488965/?ref_=bo_ydw_table_17,2.0,98.0,Outside the serial-world dictionary,2001–2008,False
4669,2004,18,Fahrenheit 9/11,222446882,119194771.0,53.6%,103252111.0,46.4%,https://www.boxofficemojo.com/releasegroup/gr2638369285/?ref_=bo_ydw_table_18,53.6,46.4,Outside the serial-world dictionary,2001–2008,False
4670,2004,19,Collateral,220242623,101005703.0,45.9%,119234222.0,54.1%,https://www.boxofficemojo.com/releasegroup/gr1799705093/?ref_=bo_ydw_table_19,45.9,54.1,Outside the serial-world dictionary,2001–2008,False
4671,2004,20,The Terminal,218685607,77872883.0,35.6%,140812724.0,64.4%,https://www.boxofficemojo.com/releasegroup/gr1272336901/?ref_=bo_ydw_table_20,35.6,64.4,Outside the serial-world dictionary,2001–2008,False
4852,2005,1,Harry Potter and the Goblet of Fire,895921036,290013036.0,32.4%,605908000.0,67.6%,https://www.boxofficemojo.com/releasegroup/gr1188188677/?ref_=bo_ydw_table_1,32.4,67.6,Fantasy saga,2001–2008,True
4853,2005,2,Star Wars: Episode III - Revenge of the Sith,849997605,380270577.0,44.7%,469727028.0,55.3%,https://www.boxofficemojo.com/releasegroup/gr136008197/?ref_=bo_ydw_table_2,44.7,55.3,Fantasy saga,2001–2008,True
4854,2005,3,"The Chronicles of Narnia: The Lion, the Witch and the Wardrobe",745013115,291710957.0,39.2%,453302158.0,60.8%,https://www.boxofficemojo.com/releasegroup/gr3981726213/?ref_=bo_ydw_table_3,39.2,60.8,Fantasy saga,2001–2008,True
4855,2005,4,War of the Worlds,603873981,234280354.0,38.8%,369592765.0,61.2%,https://www.boxofficemojo.com/releasegroup/gr862212613/?ref_=bo_ydw_table_4,38.8,61.2,Outside the serial-world dictionary,2001–2008,False
4856,2005,5,King Kong,556906378,218080025.0,39.2%,338826353.0,60.8%,https://www.boxofficemojo.com/releasegroup/gr1397117445/?ref_=bo_ydw_table_5,39.2,60.8,Fantasy saga,2001–2008,True
4857,2005,6,Madagascar,542063846,193595521.0,35.7%,348468325.0,64.3%,https://www.boxofficemojo.com/releasegroup/gr1565741573/?ref_=bo_ydw_table_6,35.7,64.3,Animated and family hero,2001–2008,True
4858,2005,7,Mr. & Mrs. Smith,487287646,186336279.0,38.2%,300951367.0,61.8%,https://www.boxofficemojo.com/releasegroup/gr979653125/?ref_=bo_ydw_table_7,38.2,61.8,Outside the serial-world dictionary,2001–2008,False
4859,2005,8,Charlie and the Chocolate Factory,474968763,206459076.0,43.5%,268509687.0,56.5%,https://www.boxofficemojo.com/releasegroup/gr493572613/?ref_=bo_ydw_table_8,43.5,56.5,Outside the serial-world dictionary,2001–2008,False
4860,2005,9,Batman Begins,373443774,205343774.0,55%,168100000.0,45%,https://www.boxofficemojo.com/releasegroup/gr98980357/?ref_=bo_ydw_table_9,55.0,45.0,Comic-book superhero,2001–2008,True
4861,2005,10,Hitch,371594603,179495555.0,48.3%,192098655.0,51.7%,https://www.boxofficemojo.com/releasegroup/gr3623637509/?ref_=bo_ydw_table_10,48.3,51.7,Outside the serial-world dictionary,2001–2008,False
4862,2005,11,Fantastic Four,333535934,154696080.0,46.4%,178839854.0,53.6%,https://www.boxofficemojo.com/releasegroup/gr1106661893/?ref_=bo_ydw_table_11,46.4,53.6,Comic-book superhero,2001–2008,True
4863,2005,12,Chicken Little,314432837,135386665.0,43.1%,179046172.0,56.9%,https://www.boxofficemojo.com/releasegroup/gr2524795397/?ref_=bo_ydw_table_12,43.1,56.9,Outside the serial-world dictionary,2001–2008,False
4864,2005,13,Wedding Crashers,288467645,209255921.0,72.5%,79211724.0,27.5%,https://www.boxofficemojo.com/releasegroup/gr223236613/?ref_=bo_ydw_table_13,72.5,27.5,Outside the serial-world dictionary,2001–2008,False
4865,2005,14,Robots,262511490,128200012.0,48.8%,134311478.0,51.2%,https://www.boxofficemojo.com/releasegroup/gr2126729733/?ref_=bo_ydw_table_14,48.8,51.2,Outside the serial-world dictionary,2001–2008,False
4866,2005,15,Constantine,230884728,75976178.0,32.9%,154908550.0,67.1%,https://www.boxofficemojo.com/releasegroup/gr3641397765/?ref_=bo_ydw_table_15,32.9,67.1,Outside the serial-world dictionary,2001–2008,False
4867,2005,16,Flightplan,223387299,89707299.0,40.2%,133680000.0,59.8%,https://www.boxofficemojo.com/releasegroup/gr2430226949/?ref_=bo_ydw_table_16,40.2,59.8,Outside the serial-world dictionary,2001–2008,False
4868,2005,17,Kingdom of Heaven,213924874,47398413.0,22.2%,166522330.0,77.8%,https://www.boxofficemojo.com/releasegroup/gr383734277/?ref_=bo_ydw_table_17,22.2,77.8,Outside the serial-world dictionary,2001–2008,False
4869,2005,18,Fun with Dick and Jane,204681899,110332737.0,53.9%,94349162.0,46.1%,https://www.boxofficemojo.com/releasegroup/gr3160822277/?ref_=bo_ydw_table_18,53.9,46.1,Outside the serial-world dictionary,2001–2008,False
4870,2005,19,The Pacifier,198636868,113086868.0,56.9%,85550000.0,43.1%,https://www.boxofficemojo.com/releasegroup/gr1144410629/?ref_=bo_ydw_table_19,56.9,43.1,Outside the serial-world dictionary,2001–2008,False
4871,2005,20,Wallace & Gromit: The Curse of the Were-Rabbit,192614977,56110897.0,29.1%,136504080.0,70.9%,https://www.boxofficemojo.com/releasegroup/gr291000837/?ref_=bo_ydw_table_20,29.1,70.9,Outside the serial-world dictionary,2001–2008,False
5052,2006,1,Pirates of the Caribbean: Dead Man's Chest,1066179725,423315812.0,39.7%,642863913.0,60.3%,https://www.boxofficemojo.com/releasegroup/gr2621919749/?ref_=bo_ydw_table_1,39.7,60.3,Fantasy saga,2001–2008,True
5053,2006,2,The Da Vinci Code,760006945,217536138.0,28.6%,542470807.0,71.4%,https://www.boxofficemojo.com/releasegroup/gr1191531013/?ref_=bo_ydw_table_2,28.6,71.4,Outside the serial-world dictionary,2001–2008,False
5054,2006,3,Ice Age 2: The Meltdown,660940780,195330621.0,29.6%,465610159.0,70.4%,https://www.boxofficemojo.com/releasegroup/gr2833142277/?ref_=bo_ydw_table_3,29.6,70.4,Animated and family hero,2001–2008,True
5055,2006,4,Casino Royale,606000350,167445960.0,27.6%,438553632.0,72.4%,https://www.boxofficemojo.com/releasegroup/gr4025700869/?ref_=bo_ydw_table_4,27.6,72.4,Action and service hero,2001–2008,True
5056,2006,5,Night at the Museum,574480841,250863268.0,43.7%,323617573.0,56.3%,https://www.boxofficemojo.com/releasegroup/gr1274434053/?ref_=bo_ydw_table_5,43.7,56.3,Other serial narrative world,2001–2008,True
5057,2006,6,Cars,461983149,244082982.0,52.8%,217900167.0,47.2%,https://www.boxofficemojo.com/releasegroup/gr3256701445/?ref_=bo_ydw_table_6,52.8,47.2,Animated and family hero,2001–2008,True
5058,2006,7,X-Men: The Last Stand,460435291,234362462.0,50.9%,226072829.0,49.1%,https://www.boxofficemojo.com/releasegroup/gr86528517/?ref_=bo_ydw_table_7,50.9,49.1,Comic-book superhero,2001–2008,True
5059,2006,8,Mission: Impossible III,398479497,134029801.0,33.6%,264449696.0,66.4%,https://www.boxofficemojo.com/releasegroup/gr494359045/?ref_=bo_ydw_table_8,33.6,66.4,Action and service hero,2001–2008,True
5060,2006,9,Superman Returns,391081192,200081192.0,51.2%,191000000.0,48.8%,https://www.boxofficemojo.com/releasegroup/gr3157283333/?ref_=bo_ydw_table_9,51.2,48.8,Comic-book superhero,2001–2008,True
5061,2006,10,Happy Feet,384335608,198000317.0,51.5%,186335291.0,48.5%,https://www.boxofficemojo.com/releasegroup/gr1643074053/?ref_=bo_ydw_table_10,51.5,48.5,Outside the serial-world dictionary,2001–2008,False
5062,2006,11,Over the Hedge,339795890,155019340.0,45.6%,184776550.0,54.4%,https://www.boxofficemojo.com/releasegroup/gr3353301509/?ref_=bo_ydw_table_11,45.6,54.4,Outside the serial-world dictionary,2001–2008,False
5063,2006,12,The Devil Wears Prada,326551094,124740460.0,38.2%,201810634.0,61.8%,https://www.boxofficemojo.com/releasegroup/gr762532357/?ref_=bo_ydw_table_12,38.2,61.8,Outside the serial-world dictionary,2001–2008,False
5064,2006,13,The Pursuit of Happyness,307127625,163566459.0,53.3%,143561166.0,46.7%,https://www.boxofficemojo.com/releasegroup/gr3209777669/?ref_=bo_ydw_table_13,53.3,46.7,Outside the serial-world dictionary,2001–2008,False
5065,2006,14,The Departed,291465034,132384315.0,45.4%,159080719.0,54.6%,https://www.boxofficemojo.com/releasegroup/gr1358909957/?ref_=bo_ydw_table_14,45.4,54.6,Outside the serial-world dictionary,2001–2008,False
5066,2006,15,Borat,262552893,128505958.0,48.9%,134046935.0,51.1%,https://www.boxofficemojo.com/releasegroup/gr4034679301/?ref_=bo_ydw_table_15,48.9,51.1,Outside the serial-world dictionary,2001–2008,False
5067,2006,16,Eragon,250425512,75030163.0,30%,175395349.0,70%,https://www.boxofficemojo.com/releasegroup/gr4008071685/?ref_=bo_ydw_table_16,30.0,70.0,Outside the serial-world dictionary,2001–2008,False
5068,2006,17,Click,240685326,137355633.0,57.1%,103329693.0,42.9%,https://www.boxofficemojo.com/releasegroup/gr3978580485/?ref_=bo_ydw_table_17,57.1,42.9,Outside the serial-world dictionary,2001–2008,False
5069,2006,18,The Break-Up,205668210,118703275.0,57.7%,86964935.0,42.3%,https://www.boxofficemojo.com/releasegroup/gr2624672261/?ref_=bo_ydw_table_18,57.7,42.3,Outside the serial-world dictionary,2001–2008,False
5070,2006,19,The Holiday,205169597,63224849.0,30.8%,141910326.0,69.2%,https://www.boxofficemojo.com/releasegroup/gr4233449989/?ref_=bo_ydw_table_19,30.8,69.2,Outside the serial-world dictionary,2001–2008,False
5071,2006,20,Open Season,200811689,85105259.0,42.4%,115706430.0,57.6%,https://www.boxofficemojo.com/releasegroup/gr3341701637/?ref_=bo_ydw_table_20,42.4,57.6,Outside the serial-world dictionary,2001–2008,False
5252,2007,1,Pirates of the Caribbean: At World's End,960996492,309420425.0,32.2%,651576067.0,67.8%,https://www.boxofficemojo.com/releasegroup/gr1460621829/?ref_=bo_ydw_table_1,32.2,67.8,Fantasy saga,2001–2008,True
5253,2007,2,Harry Potter and the Order of the Phoenix,938212738,292004738.0,31.1%,646208000.0,68.9%,https://www.boxofficemojo.com/releasegroup/gr1575965189/?ref_=bo_ydw_table_2,31.1,68.9,Fantasy saga,2001–2008,True
5254,2007,3,Spider-Man 3,885837026,336530303.0,38%,549297687.0,62%,https://www.boxofficemojo.com/releasegroup/gr4067512837/?ref_=bo_ydw_table_3,38.0,62.0,Comic-book superhero,2001–2008,True
5255,2007,4,Shrek the Third,808310187,322719944.0,39.9%,485586147.0,60.1%,https://www.boxofficemojo.com/releasegroup/gr3119469061/?ref_=bo_ydw_table_4,39.9,60.1,Animated and family hero,2001–2008,True
5256,2007,5,Transformers,709709780,319246193.0,45%,390463587.0,55%,https://www.boxofficemojo.com/releasegroup/gr1764905477/?ref_=bo_ydw_table_5,45.0,55.0,Fantasy saga,2001–2008,True
5257,2007,6,Ratatouille,623745293,206445654.0,33.1%,417280431.0,66.9%,https://www.boxofficemojo.com/releasegroup/gr2754826757/?ref_=bo_ydw_table_6,33.1,66.9,Animated and family hero,2001–2008,True
5258,2007,7,I Am Legend,585410052,256393010.0,43.8%,329017042.0,56.2%,https://www.boxofficemojo.com/releasegroup/gr3741340165/?ref_=bo_ydw_table_7,43.8,56.2,Outside the serial-world dictionary,2001–2008,False
5259,2007,8,The Simpsons Movie,536414270,183135014.0,34.1%,353279256.0,65.9%,https://www.boxofficemojo.com/releasegroup/gr218583557/?ref_=bo_ydw_table_8,34.1,65.9,Outside the serial-world dictionary,2001–2008,False
5260,2007,9,National Treasure: Book of Secrets,459242249,219964115.0,47.9%,239278134.0,52.1%,https://www.boxofficemojo.com/releasegroup/gr3406320133/?ref_=bo_ydw_table_9,47.9,52.1,Action and service hero,2001–2008,True
5261,2007,10,300,456068181,210614939.0,46.2%,245453242.0,53.8%,https://www.boxofficemojo.com/releasegroup/gr3672003077/?ref_=bo_ydw_table_10,46.2,53.8,Outside the serial-world dictionary,2001–2008,False
5262,2007,11,The Bourne Ultimatum,442824138,227471070.0,51.4%,215353068.0,48.6%,https://www.boxofficemojo.com/releasegroup/gr369316357/?ref_=bo_ydw_table_11,51.4,48.6,Action and service hero,2001–2008,True
5263,2007,12,Live Free or Die Hard,388156011,134529403.0,34.7%,253626608.0,65.3%,https://www.boxofficemojo.com/releasegroup/gr1424577029/?ref_=bo_ydw_table_12,34.7,65.3,Action and service hero,2001–2008,True
5264,2007,13,The Golden Compass,372234864,70107728.0,18.8%,302127136.0,81.2%,https://www.boxofficemojo.com/releasegroup/gr3896267269/?ref_=bo_ydw_table_13,18.8,81.2,Outside the serial-world dictionary,2001–2008,False
5265,2007,14,Alvin and the Chipmunks,365352546,217326974.0,59.5%,148025572.0,40.5%,https://www.boxofficemojo.com/releasegroup/gr2567590405/?ref_=bo_ydw_table_14,59.5,40.5,Outside the serial-world dictionary,2001–2008,False
5266,2007,15,Enchanted,340487652,127807262.0,37.5%,212680390.0,62.5%,https://www.boxofficemojo.com/releasegroup/gr1415664133/?ref_=bo_ydw_table_15,37.5,62.5,Outside the serial-world dictionary,2001–2008,False
5267,2007,16,Ocean's Thirteen,311312624,117154724.0,37.6%,194157900.0,62.4%,https://www.boxofficemojo.com/releasegroup/gr176050693/?ref_=bo_ydw_table_16,37.6,62.4,Action and service hero,2001–2008,True
5268,2007,17,Fantastic Four: Rise of the Silver Surfer,301913131,131921738.0,43.7%,169991393.0,56.3%,https://www.boxofficemojo.com/releasegroup/gr3506786821/?ref_=bo_ydw_table_17,43.7,56.3,Comic-book superhero,2001–2008,True
5269,2007,18,Bee Movie,293514754,126631277.0,43.1%,166883059.0,56.9%,https://www.boxofficemojo.com/releasegroup/gr2355712517/?ref_=bo_ydw_table_18,43.1,56.9,Outside the serial-world dictionary,2001–2008,False
5270,2007,19,American Gangster,269755430,130164645.0,48.3%,139590785.0,51.7%,https://www.boxofficemojo.com/releasegroup/gr689852933/?ref_=bo_ydw_table_19,48.3,51.7,Outside the serial-world dictionary,2001–2008,False
5271,2007,20,Rush Hour 3,258097122,140125968.0,54.3%,117971154.0,45.7%,https://www.boxofficemojo.com/releasegroup/gr2345816581/?ref_=bo_ydw_table_20,54.3,45.7,Action and service hero,2001–2008,True
5452,2008,1,The Dark Knight,1003845358,533345358.0,53.1%,470500000.0,46.9%,https://www.boxofficemojo.com/releasegroup/gr1144476165/?ref_=bo_ydw_table_1,53.1,46.9,Outside the serial-world dictionary,2001–2008,False
5453,2008,2,Indiana Jones and the Kingdom of the Crystal Skull,786636033,317101119.0,40.3%,469534914.0,59.7%,https://www.boxofficemojo.com/releasegroup/gr4259205637/?ref_=bo_ydw_table_2,40.3,59.7,Action and service hero,2001–2008,True
5454,2008,3,Kung Fu Panda,632037515,215727546.0,34.1%,416309969.0,65.9%,https://www.boxofficemojo.com/releasegroup/gr4251996677/?ref_=bo_ydw_table_3,34.1,65.9,Animated and family hero,2001–2008,True
5455,2008,4,Hancock,629443428,227946274.0,36.2%,401497154.0,63.8%,https://www.boxofficemojo.com/releasegroup/gr3807793669/?ref_=bo_ydw_table_4,36.2,63.8,Comic-book superhero,2001–2008,True
5456,2008,5,Mamma Mia!,610002542,144290968.0,23.7%,465711574.0,76.3%,https://www.boxofficemojo.com/releasegroup/gr3714404869/?ref_=bo_ydw_table_5,23.7,76.3,Other serial narrative world,2001–2008,True
5457,2008,6,Madagascar: Escape 2 Africa,603900354,180010950.0,29.8%,423889404.0,70.2%,https://www.boxofficemojo.com/releasegroup/gr483480069/?ref_=bo_ydw_table_6,29.8,70.2,Animated and family hero,2001–2008,True
5458,2008,7,Quantum of Solace,589580939,168368427.0,28.6%,421212055.0,71.4%,https://www.boxofficemojo.com/releasegroup/gr2347520517/?ref_=bo_ydw_table_7,28.6,71.4,Action and service hero,2001–2008,True
5459,2008,8,Iron Man,585366247,318604126.0,54.4%,266762121.0,45.6%,https://www.boxofficemojo.com/releasegroup/gr2956087813/?ref_=bo_ydw_table_8,54.4,45.6,Comic-book superhero,2001–2008,True
5460,2008,9,WALL·E,521311860,223808164.0,42.9%,297503696.0,57.1%,https://www.boxofficemojo.com/releasegroup/gr2825146885/?ref_=bo_ydw_table_9,42.9,57.1,Outside the serial-world dictionary,2001–2008,False
5461,2008,10,The Chronicles of Narnia: Prince Caspian,419665568,141621490.0,33.7%,278044078.0,66.3%,https://www.boxofficemojo.com/releasegroup/gr22172165/?ref_=bo_ydw_table_10,33.7,66.3,Fantasy saga,2001–2008,True
5462,2008,11,Sex and the City,418765321,152647258.0,36.5%,266118063.0,63.5%,https://www.boxofficemojo.com/releasegroup/gr2922598917/?ref_=bo_ydw_table_11,36.5,63.5,Outside the serial-world dictionary,2001–2008,False
5463,2008,12,The Mummy: Tomb of the Dragon Emperor,403449830,102491776.0,25.4%,300958054.0,74.6%,https://www.boxofficemojo.com/releasegroup/gr1383551493/?ref_=bo_ydw_table_12,25.4,74.6,Fantasy saga,2001–2008,True
5464,2008,13,Twilight,392616625,192769854.0,49.1%,199846771.0,50.9%,https://www.boxofficemojo.com/releasegroup/gr3747631621/?ref_=bo_ydw_table_13,49.1,50.9,Fantasy saga,2001–2008,True
5465,2008,14,Slumdog Millionaire,378410113,141319928.0,37.3%,237090185.0,62.7%,https://www.boxofficemojo.com/releasegroup/gr289427973/?ref_=bo_ydw_table_14,37.3,62.7,Outside the serial-world dictionary,2001–2008,False
5466,2008,15,Wanted,342463063,134508551.0,39.3%,207954512.0,60.7%,https://www.boxofficemojo.com/releasegroup/gr1379881477/?ref_=bo_ydw_table_15,39.3,60.7,Outside the serial-world dictionary,2001–2008,False
5467,2008,16,The Curious Case of Benjamin Button,335802786,127509326.0,38%,208293460.0,62%,https://www.boxofficemojo.com/releasegroup/gr3994440197/?ref_=bo_ydw_table_16,38.0,62.0,Outside the serial-world dictionary,2001–2008,False
5468,2008,17,Bolt,309979994,114053579.0,36.8%,195926415.0,63.2%,https://www.boxofficemojo.com/releasegroup/gr758338053/?ref_=bo_ydw_table_17,36.8,63.2,Outside the serial-world dictionary,2001–2008,False
5469,2008,18,Horton Hears a Who!,298572799,154529439.0,51.8%,144043360.0,48.2%,https://www.boxofficemojo.com/releasegroup/gr271012357/?ref_=bo_ydw_table_18,51.8,48.2,Outside the serial-world dictionary,2001–2008,False
5470,2008,19,Gran Torino,269958228,148095302.0,54.9%,121862926.0,45.1%,https://www.boxofficemojo.com/releasegroup/gr668553733/?ref_=bo_ydw_table_19,54.9,45.1,Outside the serial-world dictionary,2001–2008,False
5471,2008,20,"10,000 BC",269784201,94784201.0,35.1%,175000000.0,64.9%,https://www.boxofficemojo.com/releasegroup/gr3662500357/?ref_=bo_ydw_table_20,35.1,64.9,Outside the serial-world dictionary,2001–2008,False
5652,2009,1,Avatar,2743577587,749766139.0,27.3%,1993811448.0,72.7%,https://www.boxofficemojo.com/releasegroup/gr3486798341/?ref_=bo_ydw_table_1,27.3,72.7,Fantasy saga,2009–2015,True
5653,2009,2,Harry Potter and the Half-Blood Prince,933959197,301959197.0,32.3%,632000000.0,67.7%,https://www.boxofficemojo.com/releasegroup/gr1638420997/?ref_=bo_ydw_table_2,32.3,67.7,Fantasy saga,2009–2015,True
5654,2009,3,Ice Age: Dawn of the Dinosaurs,886686817,196573705.0,22.2%,690113112.0,77.8%,https://www.boxofficemojo.com/releasegroup/gr3339866629/?ref_=bo_ydw_table_3,22.2,77.8,Animated and family hero,2009–2015,True
5655,2009,4,Transformers: Revenge of the Fallen,836303693,402111870.0,48.1%,434191823.0,51.9%,https://www.boxofficemojo.com/releasegroup/gr3638907397/?ref_=bo_ydw_table_4,48.1,51.9,Fantasy saga,2009–2015,True
5656,2009,5,2012,769679473,166112167.0,21.6%,603567306.0,78.4%,https://www.boxofficemojo.com/releasegroup/gr1717588485/?ref_=bo_ydw_table_5,21.6,78.4,Outside the serial-world dictionary,2009–2015,False
5657,2009,6,Up,735099082,293004164.0,39.9%,442094918.0,60.1%,https://www.boxofficemojo.com/releasegroup/gr1190679045/?ref_=bo_ydw_table_6,39.9,60.1,Outside the serial-world dictionary,2009–2015,False
5658,2009,7,The Twilight Saga: New Moon,709827462,296623634.0,41.8%,413203828.0,58.2%,https://www.boxofficemojo.com/releasegroup/gr255414789/?ref_=bo_ydw_table_7,41.8,58.2,Fantasy saga,2009–2015,True
5659,2009,8,Sherlock Holmes,524028679,209028679.0,39.9%,315000000.0,60.1%,https://www.boxofficemojo.com/releasegroup/gr3424276997/?ref_=bo_ydw_table_8,39.9,60.1,Other serial narrative world,2009–2015,True
5660,2009,9,Angels & Demons,485930816,133375846.0,27.4%,352554970.0,72.6%,https://www.boxofficemojo.com/releasegroup/gr1213092357/?ref_=bo_ydw_table_9,27.4,72.6,Outside the serial-world dictionary,2009–2015,False
5661,2009,10,The Hangover,468813190,277322503.0,59.2%,191490290.0,40.8%,https://www.boxofficemojo.com/releasegroup/gr1614565893/?ref_=bo_ydw_table_10,59.2,40.8,Other serial narrative world,2009–2015,True
5662,2009,11,Alvin and the Chipmunks: The Squeakquel,443140005,219614612.0,49.6%,223525393.0,50.4%,https://www.boxofficemojo.com/releasegroup/gr1564430853/?ref_=bo_ydw_table_11,49.6,50.4,Outside the serial-world dictionary,2009–2015,False
5663,2009,12,Night at the Museum: Battle of the Smithsonian,413106170,177243721.0,42.9%,235862449.0,57.1%,https://www.boxofficemojo.com/releasegroup/gr4078522885/?ref_=bo_ydw_table_12,42.9,57.1,Other serial narrative world,2009–2015,True
5664,2009,13,Star Trek,385680446,257730019.0,66.8%,127950427.0,33.2%,https://www.boxofficemojo.com/releasegroup/gr2599703045/?ref_=bo_ydw_table_13,66.8,33.2,Fantasy saga,2009–2015,True
5665,2009,14,Monsters vs. Aliens,381509870,198351526.0,52%,183158344.0,48%,https://www.boxofficemojo.com/releasegroup/gr2773766661/?ref_=bo_ydw_table_14,52.0,48.0,Outside the serial-world dictionary,2009–2015,False
5666,2009,15,X-Men Origins: Wolverine,373062864,179883157.0,48.2%,193179707.0,51.8%,https://www.boxofficemojo.com/releasegroup/gr1978749445/?ref_=bo_ydw_table_15,48.2,51.8,Comic-book superhero,2009–2015,True
5667,2009,16,Terminator Salvation,371353001,125322469.0,33.7%,246030532.0,66.3%,https://www.boxofficemojo.com/releasegroup/gr2201178629/?ref_=bo_ydw_table_16,33.7,66.3,Fantasy saga,2009–2015,True
5668,2009,17,Fast & Furious,360364265,155064265.0,43%,205300000.0,57%,https://www.boxofficemojo.com/releasegroup/gr2300989957/?ref_=bo_ydw_table_17,43.0,57.0,Action and service hero,2009–2015,True
5669,2009,18,Prince of Persia: The Sands of Time,336365676,90759676.0,27%,245606000.0,73%,https://www.boxofficemojo.com/releasegroup/gr942887429/?ref_=bo_ydw_table_18,27.0,73.0,Outside the serial-world dictionary,2009–2015,False
5670,2009,19,A Christmas Carol,325286646,137855863.0,42.4%,187430783.0,57.6%,https://www.boxofficemojo.com/releasegroup/gr2989183493/?ref_=bo_ydw_table_19,42.4,57.6,Outside the serial-world dictionary,2009–2015,False
5671,2009,20,Inglourious Basterds,321455689,120540719.0,37.5%,200914970.0,62.5%,https://www.boxofficemojo.com/releasegroup/gr1308578309/?ref_=bo_ydw_table_20,37.5,62.5,Outside the serial-world dictionary,2009–2015,False
5852,2010,1,Toy Story 3,1066969703,415004880.0,38.9%,651964823.0,61.1%,https://www.boxofficemojo.com/releasegroup/gr87839237/?ref_=bo_ydw_table_1,38.9,61.1,Animated and family hero,2009–2015,True
5853,2010,2,Alice in Wonderland,1025467110,334191110.0,32.6%,691276000.0,67.4%,https://www.boxofficemojo.com/releasegroup/gr1992577541/?ref_=bo_ydw_table_2,32.6,67.4,Outside the serial-world dictionary,2009–2015,False
5854,2010,3,Harry Potter and the Deathly Hallows: Part 1,960283305,295983305.0,30.8%,664300000.0,69.2%,https://www.boxofficemojo.com/releasegroup/gr1728664069/?ref_=bo_ydw_table_3,30.8,69.2,Fantasy saga,2009–2015,True
5855,2010,4,Inception,828258695,292576195.0,35.3%,535682500.0,64.7%,https://www.boxofficemojo.com/releasegroup/gr1400852997/?ref_=bo_ydw_table_4,35.3,64.7,Outside the serial-world dictionary,2009–2015,False
5856,2010,5,Shrek Forever After,752600867,238736787.0,31.7%,513864080.0,68.3%,https://www.boxofficemojo.com/releasegroup/gr2889241093/?ref_=bo_ydw_table_5,31.7,68.3,Animated and family hero,2009–2015,True
5857,2010,6,The Twilight Saga: Eclipse,698491347,300531751.0,43%,397959596.0,57%,https://www.boxofficemojo.com/releasegroup/gr719868421/?ref_=bo_ydw_table_6,43.0,57.0,Fantasy saga,2009–2015,True
5858,2010,7,Iron Man 2,623933331,312433331.0,50.1%,311500000.0,49.9%,https://www.boxofficemojo.com/releasegroup/gr1212436997/?ref_=bo_ydw_table_7,50.1,49.9,Comic-book superhero,2009–2015,True
5859,2010,8,Tangled,591794936,200821936.0,33.9%,390973000.0,66.1%,https://www.boxofficemojo.com/releasegroup/gr3905638917/?ref_=bo_ydw_table_8,33.9,66.1,Animated and family hero,2009–2015,True
5860,2010,9,Despicable Me,543239815,251639815.0,46.3%,291600000.0,53.7%,https://www.boxofficemojo.com/releasegroup/gr400445957/?ref_=bo_ydw_table_9,46.3,53.7,Animated and family hero,2009–2015,True
5861,2010,10,How to Train Your Dragon,494878759,217581231.0,44%,277297528.0,56%,https://www.boxofficemojo.com/releasegroup/gr1106989573/?ref_=bo_ydw_table_10,44.0,56.0,Animated and family hero,2009–2015,True
5862,2010,11,Clash of the Titans,493214993,163214888.0,33.1%,330000105.0,66.9%,https://www.boxofficemojo.com/releasegroup/gr1260540421/?ref_=bo_ydw_table_11,33.1,66.9,Fantasy saga,2009–2015,True
5863,2010,12,The Chronicles of Narnia: The Voyage of the Dawn Treader,415686217,104386950.0,25.1%,311299267.0,74.9%,https://www.boxofficemojo.com/releasegroup/gr325997061/?ref_=bo_ydw_table_12,25.1,74.9,Fantasy saga,2009–2015,True
5864,2010,13,The King's Speech,410867243,135453143.0,33%,275414100.0,67%,https://www.boxofficemojo.com/releasegroup/gr1902924293/?ref_=bo_ydw_table_13,33.0,67.0,Outside the serial-world dictionary,2009–2015,False
5865,2010,14,Tron: Legacy,400062763,172062763.0,43%,228000000.0,57%,https://www.boxofficemojo.com/releasegroup/gr349721093/?ref_=bo_ydw_table_14,43.0,57.0,Fantasy saga,2009–2015,True
5866,2010,15,The Karate Kid,359126022,176591618.0,49.2%,182534404.0,50.8%,https://www.boxofficemojo.com/releasegroup/gr3816575493/?ref_=bo_ydw_table_15,49.2,50.8,Action and service hero,2009–2015,True
5867,2010,16,Black Swan,329398046,106954678.0,32.5%,222443368.0,67.5%,https://www.boxofficemojo.com/releasegroup/gr2631619077/?ref_=bo_ydw_table_16,32.5,67.5,Outside the serial-world dictionary,2009–2015,False
5868,2010,17,Megamind,321885765,148415853.0,46.1%,173469912.0,53.9%,https://www.boxofficemojo.com/releasegroup/gr1979208197/?ref_=bo_ydw_table_17,46.1,53.9,Comic-book superhero,2009–2015,True
5869,2010,18,Robin Hood,321669741,105269730.0,32.7%,216400011.0,67.3%,https://www.boxofficemojo.com/releasegroup/gr3958133253/?ref_=bo_ydw_table_18,32.7,67.3,Outside the serial-world dictionary,2009–2015,False
5870,2010,19,The Last Airbender,319713881,131772187.0,41.2%,187941694.0,58.8%,https://www.boxofficemojo.com/releasegroup/gr702435845/?ref_=bo_ydw_table_19,41.2,58.8,Outside the serial-world dictionary,2009–2015,False
5871,2010,20,Little Fockers,310650585,148438600.0,47.8%,162211985.0,52.2%,https://www.boxofficemojo.com/releasegroup/gr2053329413/?ref_=bo_ydw_table_20,47.8,52.2,Other serial narrative world,2009–2015,True
6052,2011,1,Harry Potter and the Deathly Hallows: Part 2,1341511219,381011219.0,28.4%,960500000.0,71.6%,https://www.boxofficemojo.com/releasegroup/gr2033603077/?ref_=bo_ydw_table_1,28.4,71.6,Fantasy saga,2009–2015,True
6053,2011,2,Transformers: Dark of the Moon,1123794079,352390543.0,31.4%,771403536.0,68.6%,https://www.boxofficemojo.com/releasegroup/gr6312453/?ref_=bo_ydw_table_2,31.4,68.6,Fantasy saga,2009–2015,True
6054,2011,3,Pirates of the Caribbean: On Stranger Tides,1045713802,241071802.0,23.1%,804642000.0,76.9%,https://www.boxofficemojo.com/releasegroup/gr2121159173/?ref_=bo_ydw_table_3,23.1,76.9,Fantasy saga,2009–2015,True
6055,2011,4,The Twilight Saga: Breaking Dawn - Part 1,712205856,281287133.0,39.5%,430918723.0,60.5%,https://www.boxofficemojo.com/releasegroup/gr205607429/?ref_=bo_ydw_table_4,39.5,60.5,Fantasy saga,2009–2015,True
6056,2011,5,Mission: Impossible - Ghost Protocol,694713380,209397903.0,30.1%,485315477.0,69.9%,https://www.boxofficemojo.com/releasegroup/gr2708492805/?ref_=bo_ydw_table_5,30.1,69.9,Action and service hero,2009–2015,True
6057,2011,6,Kung Fu Panda 2,665692281,165249063.0,24.8%,500443218.0,75.2%,https://www.boxofficemojo.com/releasegroup/gr796611077/?ref_=bo_ydw_table_6,24.8,75.2,Animated and family hero,2009–2015,True
6058,2011,7,Fast Five,626137675,209837675.0,33.5%,416300000.0,66.5%,https://www.boxofficemojo.com/releasegroup/gr1785876997/?ref_=bo_ydw_table_7,33.5,66.5,Outside the serial-world dictionary,2009–2015,False
6059,2011,8,The Hangover Part II,586764305,254464305.0,43.4%,332300000.0,56.6%,https://www.boxofficemojo.com/releasegroup/gr4266807813/?ref_=bo_ydw_table_8,43.4,56.6,Other serial narrative world,2009–2015,True
6060,2011,9,The Smurfs,563749323,142614158.0,25.3%,421135165.0,74.7%,https://www.boxofficemojo.com/releasegroup/gr2738246149/?ref_=bo_ydw_table_9,25.3,74.7,Animated and family hero,2009–2015,True
6061,2011,10,Cars 2,559852396,191452396.0,34.2%,368400000.0,65.8%,https://www.boxofficemojo.com/releasegroup/gr2919256581/?ref_=bo_ydw_table_10,34.2,65.8,Animated and family hero,2009–2015,True
6062,2011,11,Puss in Boots,554987477,149260504.0,26.9%,405726973.0,73.1%,https://www.boxofficemojo.com/releasegroup/gr902189573/?ref_=bo_ydw_table_11,26.9,73.1,Animated and family hero,2009–2015,True
6063,2011,12,Sherlock Holmes: A Game of Shadows,543848418,186848418.0,34.4%,357000000.0,65.6%,https://www.boxofficemojo.com/releasegroup/gr1228100101/?ref_=bo_ydw_table_12,34.4,65.6,Other serial narrative world,2009–2015,True
6064,2011,13,Rio,483866518,143619809.0,29.7%,340246709.0,70.3%,https://www.boxofficemojo.com/releasegroup/gr2251969029/?ref_=bo_ydw_table_13,29.7,70.3,Outside the serial-world dictionary,2009–2015,False
6065,2011,14,Rise of the Planet of the Apes,481800873,176760185.0,36.7%,305040688.0,63.3%,https://www.boxofficemojo.com/releasegroup/gr2334347781/?ref_=bo_ydw_table_14,36.7,63.3,Fantasy saga,2009–2015,True
6066,2011,15,Thor,449326618,181030624.0,40.3%,268295994.0,59.7%,https://www.boxofficemojo.com/releasegroup/gr584995333/?ref_=bo_ydw_table_15,40.3,59.7,Comic-book superhero,2009–2015,True
6067,2011,16,The Intouchables,426588510,10198820.0,2.4%,416389690.0,97.6%,https://www.boxofficemojo.com/releasegroup/gr3502920197/?ref_=bo_ydw_table_16,2.4,97.6,Outside the serial-world dictionary,2009–2015,False
6068,2011,17,The Adventures of Tintin,373993951,77591831.0,20.7%,296402120.0,79.3%,https://www.boxofficemojo.com/releasegroup/gr2428719621/?ref_=bo_ydw_table_17,20.7,79.3,Outside the serial-world dictionary,2009–2015,False
6069,2011,18,Captain America: The First Avenger,370569774,176654505.0,47.7%,193915269.0,52.3%,https://www.boxofficemojo.com/releasegroup/gr776294917/?ref_=bo_ydw_table_18,47.7,52.3,Comic-book superhero,2009–2015,True
6070,2011,19,X-Men: First Class,352616690,146408305.0,41.5%,206208385.0,58.5%,https://www.boxofficemojo.com/releasegroup/gr1879265797/?ref_=bo_ydw_table_19,41.5,58.5,Comic-book superhero,2009–2015,True
6071,2011,20,Alvin and the Chipmunks: Chipwrecked,342695435,133110742.0,38.8%,209584693.0,61.2%,https://www.boxofficemojo.com/releasegroup/gr2689487365/?ref_=bo_ydw_table_20,38.8,61.2,Outside the serial-world dictionary,2009–2015,False
6252,2012,1,The Avengers,1518812988,623357910.0,41%,895455078.0,59%,https://www.boxofficemojo.com/releasegroup/gr1911837189/?ref_=bo_ydw_table_1,41.0,59.0,Comic-book superhero,2009–2015,True
6253,2012,2,Skyfall,1108561013,304360277.0,27.5%,804200736.0,72.5%,https://www.boxofficemojo.com/releasegroup/gr2379174405/?ref_=bo_ydw_table_2,27.5,72.5,Action and service hero,2009–2015,True
6254,2012,3,The Dark Knight Rises,1084939099,448139099.0,41.3%,636800000.0,58.7%,https://www.boxofficemojo.com/releasegroup/gr808210949/?ref_=bo_ydw_table_3,41.3,58.7,Outside the serial-world dictionary,2009–2015,False
6255,2012,4,The Hobbit: An Unexpected Journey,1017003568,303003568.0,29.8%,714000000.0,70.2%,https://www.boxofficemojo.com/releasegroup/gr769020421/?ref_=bo_ydw_table_4,29.8,70.2,Fantasy saga,2009–2015,True
6256,2012,5,Ice Age: Continental Drift,877244782,161321843.0,18.4%,715922939.0,81.6%,https://www.boxofficemojo.com/releasegroup/gr1428443653/?ref_=bo_ydw_table_5,18.4,81.6,Animated and family hero,2009–2015,True
6257,2012,6,The Twilight Saga: Breaking Dawn - Part 2,829746820,292324737.0,35.2%,537422083.0,64.8%,https://www.boxofficemojo.com/releasegroup/gr267080197/?ref_=bo_ydw_table_6,35.2,64.8,Fantasy saga,2009–2015,True
6258,2012,7,The Amazing Spider-Man,757930663,262030663.0,34.6%,495900000.0,65.4%,https://www.boxofficemojo.com/releasegroup/gr909332997/?ref_=bo_ydw_table_7,34.6,65.4,Comic-book superhero,2009–2015,True
6259,2012,8,Madagascar 3: Europe's Most Wanted,746921274,216391482.0,29%,530529792.0,71%,https://www.boxofficemojo.com/releasegroup/gr3732754949/?ref_=bo_ydw_table_8,29.0,71.0,Animated and family hero,2009–2015,True
6260,2012,9,The Hunger Games,694394724,408010692.0,58.8%,286384032.0,41.2%,https://www.boxofficemojo.com/releasegroup/gr947606021/?ref_=bo_ydw_table_9,58.8,41.2,Fantasy saga,2009–2015,True
6261,2012,10,Men in Black 3,654213485,179020854.0,27.4%,475192631.0,72.6%,https://www.boxofficemojo.com/releasegroup/gr2369081861/?ref_=bo_ydw_table_10,27.4,72.6,Fantasy saga,2009–2015,True
6262,2012,11,Life of Pi,609016565,124987023.0,20.5%,484029542.0,79.5%,https://www.boxofficemojo.com/releasegroup/gr3542831621/?ref_=bo_ydw_table_11,20.5,79.5,Outside the serial-world dictionary,2009–2015,False
6263,2012,12,Ted,549368315,218815487.0,39.8%,330552828.0,60.2%,https://www.boxofficemojo.com/releasegroup/gr1762677253/?ref_=bo_ydw_table_12,39.8,60.2,Outside the serial-world dictionary,2009–2015,False
6264,2012,13,Brave,538983207,237283207.0,44%,301700000.0,56%,https://www.boxofficemojo.com/releasegroup/gr4064825861/?ref_=bo_ydw_table_13,44.0,56.0,Outside the serial-world dictionary,2009–2015,False
6265,2012,14,Wreck-It Ralph,471222889,189422889.0,40.2%,281800000.0,59.8%,https://www.boxofficemojo.com/releasegroup/gr4278342149/?ref_=bo_ydw_table_14,40.2,59.8,Outside the serial-world dictionary,2009–2015,False
6266,2012,15,Les Misérables,442299309,148809770.0,33.6%,293489539.0,66.4%,https://www.boxofficemojo.com/releasegroup/gr589124101/?ref_=bo_ydw_table_15,33.6,66.4,Outside the serial-world dictionary,2009–2015,False
6267,2012,16,Django Unchained,425368238,162805434.0,38.3%,262562804.0,61.7%,https://www.boxofficemojo.com/releasegroup/gr2115785221/?ref_=bo_ydw_table_16,38.3,61.7,Outside the serial-world dictionary,2009–2015,False
6268,2012,17,Prometheus,403354469,126477084.0,31.4%,276877385.0,68.6%,https://www.boxofficemojo.com/releasegroup/gr3122614789/?ref_=bo_ydw_table_17,31.4,68.6,Outside the serial-world dictionary,2009–2015,False
6269,2012,18,Snow White and the Huntsman,396592829,155332381.0,39.2%,241260448.0,60.8%,https://www.boxofficemojo.com/releasegroup/gr468013573/?ref_=bo_ydw_table_18,39.2,60.8,Outside the serial-world dictionary,2009–2015,False
6270,2012,19,Taken 2,376141306,139854287.0,37.2%,236287019.0,62.8%,https://www.boxofficemojo.com/releasegroup/gr1792692741/?ref_=bo_ydw_table_19,37.2,62.8,Action and service hero,2009–2015,True
6271,2012,20,Hotel Transylvania,358375603,148313048.0,41.4%,210062555.0,58.6%,https://www.boxofficemojo.com/releasegroup/gr1575309829/?ref_=bo_ydw_table_20,41.4,58.6,Animated and family hero,2009–2015,True
6452,2013,1,Frozen,1284879663,400738009.0,31.2%,884141654.0,68.8%,https://www.boxofficemojo.com/releasegroup/gr1177113093/?ref_=bo_ydw_table_1,31.2,68.8,Animated and family hero,2009–2015,True
6453,2013,2,Iron Man 3,1214811252,409013994.0,33.7%,805797258.0,66.3%,https://www.boxofficemojo.com/releasegroup/gr3316142597/?ref_=bo_ydw_table_2,33.7,66.3,Comic-book superhero,2009–2015,True
6454,2013,3,Despicable Me 2,970766005,368065385.0,37.9%,602700620.0,62.1%,https://www.boxofficemojo.com/releasegroup/gr3123335685/?ref_=bo_ydw_table_3,37.9,62.1,Animated and family hero,2009–2015,True
6455,2013,4,The Hobbit: The Desolation of Smaug,958366855,258366855.0,27%,700000000.0,73%,https://www.boxofficemojo.com/releasegroup/gr1101746693/?ref_=bo_ydw_table_4,27.0,73.0,Fantasy saga,2009–2015,True
6456,2013,5,The Hunger Games: Catching Fire,865011746,424668047.0,49.1%,440343699.0,50.9%,https://www.boxofficemojo.com/releasegroup/gr150950405/?ref_=bo_ydw_table_5,49.1,50.9,Fantasy saga,2009–2015,True
6457,2013,6,Fast & Furious 6,788679850,238679850.0,30.3%,550000000.0,69.7%,https://www.boxofficemojo.com/releasegroup/gr1758810629/?ref_=bo_ydw_table_6,30.3,69.7,Action and service hero,2009–2015,True
6458,2013,7,Monsters University,743559607,268492764.0,36.1%,475066843.0,63.9%,https://www.boxofficemojo.com/releasegroup/gr620057093/?ref_=bo_ydw_table_7,36.1,63.9,Animated and family hero,2009–2015,True
6459,2013,8,Gravity,723192705,274092705.0,37.9%,449100000.0,62.1%,https://www.boxofficemojo.com/releasegroup/gr1355043333/?ref_=bo_ydw_table_8,37.9,62.1,Outside the serial-world dictionary,2009–2015,False
6460,2013,9,Man of Steel,670145518,291045518.0,43.4%,379100000.0,56.6%,https://www.boxofficemojo.com/releasegroup/gr3156955653/?ref_=bo_ydw_table_9,43.4,56.6,Outside the serial-world dictionary,2009–2015,False
6461,2013,10,Thor: The Dark World,644783140,206362140.0,32%,438421000.0,68%,https://www.boxofficemojo.com/releasegroup/gr1745965573/?ref_=bo_ydw_table_10,32.0,68.0,Comic-book superhero,2009–2015,True
6462,2013,11,The Croods,587204668,187168425.0,31.9%,400036243.0,68.1%,https://www.boxofficemojo.com/releasegroup/gr1577669125/?ref_=bo_ydw_table_11,31.9,68.1,Animated and family hero,2009–2015,True
6463,2013,12,World War Z,540007876,202359711.0,37.5%,337648165.0,62.5%,https://www.boxofficemojo.com/releasegroup/gr54481413/?ref_=bo_ydw_table_12,37.5,62.5,Outside the serial-world dictionary,2009–2015,False
6464,2013,13,Oz the Great and Powerful,493311825,234911825.0,47.6%,258400000.0,52.4%,https://www.boxofficemojo.com/releasegroup/gr2383237637/?ref_=bo_ydw_table_13,47.6,52.4,Outside the serial-world dictionary,2009–2015,False
6465,2013,14,Star Trek Into Darkness,467365246,228778661.0,49%,238586585.0,51%,https://www.boxofficemojo.com/releasegroup/gr2698924549/?ref_=bo_ydw_table_14,49.0,51.0,Fantasy saga,2009–2015,True
6466,2013,15,The Wolverine,414828246,132556852.0,32%,282271394.0,68%,https://www.boxofficemojo.com/releasegroup/gr3025031685/?ref_=bo_ydw_table_15,32.0,68.0,Comic-book superhero,2009–2015,True
6467,2013,16,Pacific Rim,411002906,101802906.0,24.8%,309200000.0,75.2%,https://www.boxofficemojo.com/releasegroup/gr1052856837/?ref_=bo_ydw_table_16,24.8,75.2,Outside the serial-world dictionary,2009–2015,False
6468,2013,17,The Wolf of Wall Street,392000694,116900694.0,29.8%,275100000.0,70.2%,https://www.boxofficemojo.com/releasegroup/gr3192869381/?ref_=bo_ydw_table_17,29.8,70.2,Outside the serial-world dictionary,2009–2015,False
6469,2013,18,G.I. Joe: Retaliation,375740705,122523060.0,32.6%,253217645.0,67.4%,https://www.boxofficemojo.com/releasegroup/gr1579635205/?ref_=bo_ydw_table_18,32.6,67.4,Outside the serial-world dictionary,2009–2015,False
6470,2013,19,The Hangover Part III,362000072,112200072.0,31%,249800000.0,69%,https://www.boxofficemojo.com/releasegroup/gr2010796549/?ref_=bo_ydw_table_19,31.0,69.0,Other serial narrative world,2009–2015,True
6471,2013,20,The Great Gatsby,353641895,144840419.0,41%,208801476.0,59%,https://www.boxofficemojo.com/releasegroup/gr1999917573/?ref_=bo_ydw_table_20,41.0,59.0,Outside the serial-world dictionary,2009–2015,False
6652,2014,1,Transformers: Age of Extinction,1104054072,245439076.0,22.2%,858614996.0,77.8%,https://www.boxofficemojo.com/releasegroup/gr41374213/?ref_=bo_ydw_table_1,22.2,77.8,Fantasy saga,2009–2015,True
6653,2014,2,The Hobbit: The Battle of the Five Armies,956019788,255119788.0,26.7%,700900000.0,73.3%,https://www.boxofficemojo.com/releasegroup/gr147673605/?ref_=bo_ydw_table_2,26.7,73.3,Fantasy saga,2009–2015,True
6654,2014,3,Guardians of the Galaxy,772776600,333176600.0,43.1%,439600000.0,56.9%,https://www.boxofficemojo.com/releasegroup/gr2312655365/?ref_=bo_ydw_table_3,43.1,56.9,Comic-book superhero,2009–2015,True
6655,2014,4,Maleficent,758410378,241410378.0,31.8%,517000000.0,68.2%,https://www.boxofficemojo.com/releasegroup/gr4064301573/?ref_=bo_ydw_table_4,31.8,68.2,Outside the serial-world dictionary,2009–2015,False
6656,2014,5,The Hunger Games: Mockingjay - Part 1,755356711,337135885.0,44.6%,418220826.0,55.4%,https://www.boxofficemojo.com/releasegroup/gr3034403333/?ref_=bo_ydw_table_5,44.6,55.4,Fantasy saga,2009–2015,True
6657,2014,6,X-Men: Days of Future Past,746045700,233921534.0,31.4%,512124166.0,68.6%,https://www.boxofficemojo.com/releasegroup/gr2674807301/?ref_=bo_ydw_table_6,31.4,68.6,Comic-book superhero,2009–2015,True
6658,2014,7,Captain America: The Winter Soldier,714421503,259766572.0,36.4%,454654931.0,63.6%,https://www.boxofficemojo.com/releasegroup/gr952979973/?ref_=bo_ydw_table_7,36.4,63.6,Comic-book superhero,2009–2015,True
6659,2014,8,Dawn of the Planet of the Apes,710644566,208545589.0,29.3%,502098977.0,70.7%,https://www.boxofficemojo.com/releasegroup/gr1446466053/?ref_=bo_ydw_table_8,29.3,70.7,Fantasy saga,2009–2015,True
6660,2014,9,The Amazing Spider-Man 2,708982323,202853933.0,28.6%,506128390.0,71.4%,https://www.boxofficemojo.com/releasegroup/gr1230590469/?ref_=bo_ydw_table_9,28.6,71.4,Comic-book superhero,2009–2015,True
6661,2014,10,Interstellar,681076399,188020017.0,27.6%,493056382.0,72.4%,https://www.boxofficemojo.com/releasegroup/gr459297285/?ref_=bo_ydw_table_10,27.6,72.4,Outside the serial-world dictionary,2009–2015,False
6662,2014,11,Big Hero 6,657827828,222527828.0,33.8%,435300000.0,66.2%,https://www.boxofficemojo.com/releasegroup/gr3218493957/?ref_=bo_ydw_table_11,33.8,66.2,Outside the serial-world dictionary,2009–2015,False
6663,2014,12,How to Train Your Dragon 2,621537519,177002924.0,28.5%,444534595.0,71.5%,https://www.boxofficemojo.com/releasegroup/gr2014401029/?ref_=bo_ydw_table_12,28.5,71.5,Animated and family hero,2009–2015,True
6664,2014,13,American Sniper,547626372,350126372.0,63.9%,197500000.0,36.1%,https://www.boxofficemojo.com/releasegroup/gr1412583941/?ref_=bo_ydw_table_13,63.9,36.1,Outside the serial-world dictionary,2009–2015,False
6665,2014,14,Godzilla,524976069,200676069.0,38.2%,324300000.0,61.8%,https://www.boxofficemojo.com/releasegroup/gr1899778565/?ref_=bo_ydw_table_14,38.2,61.8,Fantasy saga,2009–2015,True
6666,2014,15,Rio 2,498781117,131538435.0,26.4%,367242682.0,73.6%,https://www.boxofficemojo.com/releasegroup/gr1071665669/?ref_=bo_ydw_table_15,26.4,73.6,Outside the serial-world dictionary,2009–2015,False
6667,2014,16,Teenage Mutant Ninja Turtles,485004754,191204754.0,39.4%,293800000.0,60.6%,https://www.boxofficemojo.com/releasegroup/gr656364037/?ref_=bo_ydw_table_16,39.4,60.6,Comic-book superhero,2009–2015,True
6668,2014,17,The Lego Movie,468060692,257760692.0,55.1%,210300000.0,44.9%,https://www.boxofficemojo.com/releasegroup/gr2634043909/?ref_=bo_ydw_table_17,55.1,44.9,Animated and family hero,2009–2015,True
6669,2014,18,Lucy,458863600,126663600.0,27.6%,332200000.0,72.4%,https://www.boxofficemojo.com/releasegroup/gr2824491525/?ref_=bo_ydw_table_18,27.6,72.4,Outside the serial-world dictionary,2009–2015,False
6670,2014,19,Penguins of Madagascar,373515621,83850911.0,22.4%,289664710.0,77.6%,https://www.boxofficemojo.com/releasegroup/gr3093123589/?ref_=bo_ydw_table_19,22.4,77.6,Animated and family hero,2009–2015,True
6671,2014,20,Edge of Tomorrow,370541256,100206256.0,27%,270335000.0,73%,https://www.boxofficemojo.com/releasegroup/gr2177323525/?ref_=bo_ydw_table_20,27.0,73.0,Outside the serial-world dictionary,2009–2015,False
6852,2015,1,Star Wars: Episode VII - The Force Awakens,2068223624,936662225.0,45.3%,1131561399.0,54.7%,https://www.boxofficemojo.com/releasegroup/gr3305984517/?ref_=bo_ydw_table_1,45.3,54.7,Fantasy saga,2009–2015,True
6853,2015,2,Jurassic World,1670400637,652270625.0,39%,1018130012.0,61%,https://www.boxofficemojo.com/releasegroup/gr2960871941/?ref_=bo_ydw_table_2,39.0,61.0,Fantasy saga,2009–2015,True
6854,2015,3,Furious 7,1515047671,353007020.0,23.3%,1162040651.0,76.7%,https://www.boxofficemojo.com/releasegroup/gr2321306117/?ref_=bo_ydw_table_3,23.3,76.7,Action and service hero,2009–2015,True
6855,2015,4,Avengers: Age of Ultron,1402805868,459005868.0,32.7%,943800000.0,67.3%,https://www.boxofficemojo.com/releasegroup/gr1743933957/?ref_=bo_ydw_table_4,32.7,67.3,Comic-book superhero,2009–2015,True
6856,2015,5,Minions,1159398397,336045770.0,29%,823352627.0,71%,https://www.boxofficemojo.com/releasegroup/gr838095365/?ref_=bo_ydw_table_5,29.0,71.0,Animated and family hero,2009–2015,True
6857,2015,6,Spectre,880674609,200074609.0,22.7%,680600000.0,77.3%,https://www.boxofficemojo.com/releasegroup/gr16273925/?ref_=bo_ydw_table_6,22.7,77.3,Action and service hero,2009–2015,True
6858,2015,7,Inside Out,858294430,356461711.0,41.5%,501832719.0,58.5%,https://www.boxofficemojo.com/releasegroup/gr1952338437/?ref_=bo_ydw_table_7,41.5,58.5,Animated and family hero,2009–2015,True
6859,2015,8,Mission: Impossible - Rogue Nation,682714267,195042377.0,28.6%,487671890.0,71.4%,https://www.boxofficemojo.com/releasegroup/gr3740488197/?ref_=bo_ydw_table_8,28.6,71.4,Action and service hero,2009–2015,True
6860,2015,9,The Hunger Games: Mockingjay - Part 2,653428261,281723902.0,43.1%,371704359.0,56.9%,https://www.boxofficemojo.com/releasegroup/gr2410172933/?ref_=bo_ydw_table_9,43.1,56.9,Fantasy saga,2009–2015,True
6861,2015,10,The Martian,630161890,228433663.0,36.2%,401728227.0,63.8%,https://www.boxofficemojo.com/releasegroup/gr1145983493/?ref_=bo_ydw_table_10,36.2,63.8,Outside the serial-world dictionary,2009–2015,False
6862,2015,11,Fifty Shades of Grey,569651467,166167230.0,29.2%,403484237.0,70.8%,https://www.boxofficemojo.com/releasegroup/gr4024783365/?ref_=bo_ydw_table_11,29.2,70.8,Other serial narrative world,2009–2015,True
6863,2015,12,Cinderella,542351353,201151353.0,37.1%,341200000.0,62.9%,https://www.boxofficemojo.com/releasegroup/gr3664990725/?ref_=bo_ydw_table_12,37.1,62.9,Outside the serial-world dictionary,2009–2015,False
6864,2015,13,The Revenant,532950503,183637894.0,34.5%,349312609.0,65.5%,https://www.boxofficemojo.com/releasegroup/gr1464685061/?ref_=bo_ydw_table_13,34.5,65.5,Outside the serial-world dictionary,2009–2015,False
6865,2015,14,Ant-Man,519311965,180202163.0,34.7%,339109802.0,65.3%,https://www.boxofficemojo.com/releasegroup/gr821711365/?ref_=bo_ydw_table_14,34.7,65.3,Comic-book superhero,2009–2015,True
6866,2015,15,Hotel Transylvania 2,474800000,169700110.0,35.7%,305099890.0,64.3%,https://www.boxofficemojo.com/releasegroup/gr1933267461/?ref_=bo_ydw_table_15,35.7,64.3,Animated and family hero,2009–2015,True
6867,2015,16,San Andreas,474590832,155190832.0,32.7%,319400000.0,67.3%,https://www.boxofficemojo.com/releasegroup/gr3033420293/?ref_=bo_ydw_table_16,32.7,67.3,Outside the serial-world dictionary,2009–2015,False
6868,2015,17,Terminator Genisys,440603537,89760956.0,20.4%,350842581.0,79.6%,https://www.boxofficemojo.com/releasegroup/gr1182290437/?ref_=bo_ydw_table_17,20.4,79.6,Fantasy saga,2009–2015,True
6869,2015,18,Kingsman: The Secret Service,414351546,128261724.0,31%,286089822.0,69%,https://www.boxofficemojo.com/releasegroup/gr2858963461/?ref_=bo_ydw_table_18,31.0,69.0,Outside the serial-world dictionary,2009–2015,False
6870,2015,19,Monster Hunt,387053506,32766.0,<0.1%,387020740.0,100%,https://www.boxofficemojo.com/releasegroup/gr3930214917/?ref_=bo_ydw_table_19,0.1,100.0,Outside the serial-world dictionary,2009–2015,False
6871,2015,20,Home,386041607,177397510.0,46%,208644097.0,54%,https://www.boxofficemojo.com/releasegroup/gr275075589/?ref_=bo_ydw_table_20,46.0,54.0,Outside the serial-world dictionary,2009–2015,False
7052,2016,1,Captain America: Civil War,1153296293,408084349.0,35.4%,745211944.0,64.6%,https://www.boxofficemojo.com/releasegroup/gr2136297989/?ref_=bo_ydw_table_1,35.4,64.6,Comic-book superhero,2016–2019,True
7053,2016,2,Rogue One: A Star Wars Story,1056057273,532177324.0,50.4%,523879949.0,49.6%,https://www.boxofficemojo.com/releasegroup/gr384520709/?ref_=bo_ydw_table_2,50.4,49.6,Fantasy saga,2016–2019,True
7054,2016,3,Finding Dory,1028570889,486295561.0,47.3%,542275328.0,52.7%,https://www.boxofficemojo.com/releasegroup/gr1869238789/?ref_=bo_ydw_table_3,47.3,52.7,Animated and family hero,2016–2019,True
7055,2016,4,Zootopia,1023784195,341268248.0,33.3%,682515947.0,66.7%,https://www.boxofficemojo.com/releasegroup/gr1680691717/?ref_=bo_ydw_table_4,33.3,66.7,Animated and family hero,2016–2019,True
7056,2016,5,The Jungle Book,966550600,364001123.0,37.7%,602549477.0,62.3%,https://www.boxofficemojo.com/releasegroup/gr1103385093/?ref_=bo_ydw_table_5,37.7,62.3,Outside the serial-world dictionary,2016–2019,False
7057,2016,6,The Secret Life of Pets,875697467,368623860.0,42.1%,507073607.0,57.9%,https://www.boxofficemojo.com/releasegroup/gr4228141573/?ref_=bo_ydw_table_6,42.1,57.9,Animated and family hero,2016–2019,True
7058,2016,7,Batman v Superman: Dawn of Justice,874360194,330360194.0,37.8%,544000000.0,62.2%,https://www.boxofficemojo.com/releasegroup/gr4182135301/?ref_=bo_ydw_table_7,37.8,62.2,Comic-book superhero,2016–2019,True
7059,2016,8,Fantastic Beasts and Where to Find Them,816037575,234037575.0,28.7%,582000000.0,71.3%,https://www.boxofficemojo.com/releasegroup/gr3670495749/?ref_=bo_ydw_table_8,28.7,71.3,Fantasy saga,2016–2019,True
7060,2016,9,Deadpool,782612155,363070709.0,46.4%,419541446.0,53.6%,https://www.boxofficemojo.com/releasegroup/gr2532200965/?ref_=bo_ydw_table_9,46.4,53.6,Comic-book superhero,2016–2019,True
7061,2016,10,Suicide Squad,749200054,325100054.0,43.4%,424100000.0,56.6%,https://www.boxofficemojo.com/releasegroup/gr457593349/?ref_=bo_ydw_table_10,43.4,56.6,Comic-book superhero,2016–2019,True
7062,2016,11,Doctor Strange,677718395,232641920.0,34.3%,445076475.0,65.7%,https://www.boxofficemojo.com/releasegroup/gr2284737029/?ref_=bo_ydw_table_11,34.3,65.7,Comic-book superhero,2016–2019,True
7063,2016,12,Moana,643331111,248757044.0,38.7%,394574067.0,61.3%,https://www.boxofficemojo.com/releasegroup/gr1742623237/?ref_=bo_ydw_table_12,38.7,61.3,Animated and family hero,2016–2019,True
7064,2016,13,Sing,634151679,270395425.0,42.6%,363756254.0,57.4%,https://www.boxofficemojo.com/releasegroup/gr3642970629/?ref_=bo_ydw_table_13,42.6,57.4,Outside the serial-world dictionary,2016–2019,False
7065,2016,14,The Mermaid,553810228,3232685.0,0.6%,550577543.0,99.4%,https://www.boxofficemojo.com/releasegroup/gr719016453/?ref_=bo_ydw_table_14,0.6,99.4,Outside the serial-world dictionary,2016–2019,False
7066,2016,15,X-Men: Apocalypse,543934105,155442489.0,28.6%,388491616.0,71.4%,https://www.boxofficemojo.com/releasegroup/gr2590724613/?ref_=bo_ydw_table_15,28.6,71.4,Comic-book superhero,2016–2019,True
7067,2016,16,Kung Fu Panda 3,521170825,143528619.0,27.5%,377642206.0,72.5%,https://www.boxofficemojo.com/releasegroup/gr4045558277/?ref_=bo_ydw_table_16,27.5,72.5,Animated and family hero,2016–2019,True
7068,2016,17,La La Land,447407695,151101803.0,33.8%,296305892.0,66.2%,https://www.boxofficemojo.com/releasegroup/gr2781106693/?ref_=bo_ydw_table_17,33.8,66.2,Outside the serial-world dictionary,2016–2019,False
7069,2016,18,Warcraft,439048914,47365290.0,10.8%,391683624.0,89.2%,https://www.boxofficemojo.com/releasegroup/gr2367640069/?ref_=bo_ydw_table_18,10.8,89.2,Fantasy saga,2016–2019,True
7070,2016,19,Jason Bourne,415484914,162434410.0,39.1%,253050504.0,60.9%,https://www.boxofficemojo.com/releasegroup/gr2385007109/?ref_=bo_ydw_table_19,39.1,60.9,Action and service hero,2016–2019,True
7071,2016,20,Ice Age: Collision Course,408579038,64063008.0,15.7%,344516030.0,84.3%,https://www.boxofficemojo.com/releasegroup/gr307778053/?ref_=bo_ydw_table_20,15.7,84.3,Animated and family hero,2016–2019,True
7252,2017,1,Star Wars: Episode VIII - The Last Jedi,1332539889,620181382.0,46.5%,712358507.0,53.5%,https://www.boxofficemojo.com/releasegroup/gr3764736517/?ref_=bo_ydw_table_1,46.5,53.5,Fantasy saga,2016–2019,True
7253,2017,2,Beauty and the Beast,1263521126,504014165.0,39.9%,759506961.0,60.1%,https://www.boxofficemojo.com/releasegroup/gr1429688837/?ref_=bo_ydw_table_2,39.9,60.1,Outside the serial-world dictionary,2016–2019,False
7254,2017,3,The Fate of the Furious,1236005118,226008385.0,18.3%,1009996733.0,81.7%,https://www.boxofficemojo.com/releasegroup/gr38949381/?ref_=bo_ydw_table_3,18.3,81.7,Outside the serial-world dictionary,2016–2019,False
7255,2017,4,Despicable Me 3,1034799409,264624300.0,25.6%,770175109.0,74.4%,https://www.boxofficemojo.com/releasegroup/gr1982484997/?ref_=bo_ydw_table_4,25.6,74.4,Animated and family hero,2016–2019,True
7256,2017,5,Jumanji: Welcome to the Jungle,962077546,404515480.0,42%,557562066.0,58%,https://www.boxofficemojo.com/releasegroup/gr2130465285/?ref_=bo_ydw_table_5,42.0,58.0,Fantasy saga,2016–2019,True
7257,2017,6,Spider-Man: Homecoming,880166924,334201140.0,38%,545965784.0,62%,https://www.boxofficemojo.com/releasegroup/gr65032709/?ref_=bo_ydw_table_6,38.0,62.0,Comic-book superhero,2016–2019,True
7258,2017,7,Wolf Warrior 2,870325439,2721100.0,0.3%,867604339.0,99.7%,https://www.boxofficemojo.com/releasegroup/gr3036500485/?ref_=bo_ydw_table_7,0.3,99.7,Action and service hero,2016–2019,True
7259,2017,8,Guardians of the Galaxy: Vol. 2,863756051,389813101.0,45.1%,473942950.0,54.9%,https://www.boxofficemojo.com/releasegroup/gr388583941/?ref_=bo_ydw_table_8,45.1,54.9,Comic-book superhero,2016–2019,True
7260,2017,9,Thor: Ragnarok,853977126,315058289.0,36.9%,538918837.0,63.1%,https://www.boxofficemojo.com/releasegroup/gr197939717/?ref_=bo_ydw_table_9,36.9,63.1,Comic-book superhero,2016–2019,True
7261,2017,10,Wonder Woman,822963408,412563408.0,50.1%,410400000.0,49.9%,https://www.boxofficemojo.com/releasegroup/gr1207325189/?ref_=bo_ydw_table_10,50.1,49.9,Comic-book superhero,2016–2019,True
7262,2017,11,Coco,814641172,210460015.0,25.8%,604181157.0,74.2%,https://www.boxofficemojo.com/releasegroup/gr2402243077/?ref_=bo_ydw_table_11,25.8,74.2,Animated and family hero,2016–2019,True
7263,2017,12,Pirates of the Caribbean: Dead Men Tell No Tales,794861794,172558876.0,21.7%,622302918.0,78.3%,https://www.boxofficemojo.com/releasegroup/gr1009078789/?ref_=bo_ydw_table_12,21.7,78.3,Fantasy saga,2016–2019,True
7264,2017,13,It,702781748,327481748.0,46.6%,375300000.0,53.4%,https://www.boxofficemojo.com/releasegroup/gr1547719173/?ref_=bo_ydw_table_13,46.6,53.4,Outside the serial-world dictionary,2016–2019,False
7265,2017,14,Justice League,661324295,229024295.0,34.6%,432300000.0,65.4%,https://www.boxofficemojo.com/releasegroup/gr2733527557/?ref_=bo_ydw_table_14,34.6,65.4,Comic-book superhero,2016–2019,True
7266,2017,15,Logan,619021436,226277068.0,36.6%,392744368.0,63.4%,https://www.boxofficemojo.com/releasegroup/gr4057092613/?ref_=bo_ydw_table_15,36.6,63.4,Outside the serial-world dictionary,2016–2019,False
7267,2017,16,Transformers: The Last Knight,605425157,130168683.0,21.5%,475256474.0,78.5%,https://www.boxofficemojo.com/releasegroup/gr438653445/?ref_=bo_ydw_table_16,21.5,78.5,Fantasy saga,2016–2019,True
7268,2017,17,Kong: Skull Island,568652812,168052812.0,29.6%,400600000.0,70.4%,https://www.boxofficemojo.com/releasegroup/gr3991622149/?ref_=bo_ydw_table_17,29.6,70.4,Fantasy saga,2016–2019,True
7269,2017,18,The Boss Baby,527965936,175003033.0,33.1%,352962903.0,66.9%,https://www.boxofficemojo.com/releasegroup/gr2517979653/?ref_=bo_ydw_table_18,33.1,66.9,Animated and family hero,2016–2019,True
7270,2017,19,Dunkirk,526045546,188045546.0,35.7%,338000000.0,64.3%,https://www.boxofficemojo.com/releasegroup/gr3929100805/?ref_=bo_ydw_table_19,35.7,64.3,Outside the serial-world dictionary,2016–2019,False
7271,2017,20,War for the Planet of the Apes,490719763,146880162.0,29.9%,343839601.0,70.1%,https://www.boxofficemojo.com/releasegroup/gr2539147781/?ref_=bo_ydw_table_20,29.9,70.1,Fantasy saga,2016–2019,True
7452,2018,1,Avengers: Infinity War,2048359754,678815482.0,33.1%,1369544272.0,66.9%,https://www.boxofficemojo.com/releasegroup/gr3915469317/?ref_=bo_ydw_table_1,33.1,66.9,Comic-book superhero,2016–2019,True
7453,2018,2,Black Panther,1346913161,700059566.0,52%,646853595.0,48%,https://www.boxofficemojo.com/releasegroup/gr3458290181/?ref_=bo_ydw_table_2,52.0,48.0,Comic-book superhero,2016–2019,True
7454,2018,3,Jurassic World: Fallen Kingdom,1308467944,417719760.0,31.9%,890748184.0,68.1%,https://www.boxofficemojo.com/releasegroup/gr3108917765/?ref_=bo_ydw_table_3,31.9,68.1,Fantasy saga,2016–2019,True
7455,2018,4,Incredibles 2,1242805359,608581744.0,49%,634223615.0,51%,https://www.boxofficemojo.com/releasegroup/gr2507690501/?ref_=bo_ydw_table_4,49.0,51.0,Comic-book superhero,2016–2019,True
7456,2018,5,Aquaman,1151961807,335061807.0,29.1%,816900000.0,70.9%,https://www.boxofficemojo.com/releasegroup/gr1903186437/?ref_=bo_ydw_table_5,29.1,70.9,Comic-book superhero,2016–2019,True
7457,2018,6,Bohemian Rhapsody,903655259,216428042.0,24%,687227217.0,76%,https://www.boxofficemojo.com/releasegroup/gr4107555333/?ref_=bo_ydw_table_6,24.0,76.0,Outside the serial-world dictionary,2016–2019,False
7458,2018,7,Venom,856085151,213515506.0,24.9%,642569645.0,75.1%,https://www.boxofficemojo.com/releasegroup/gr3586740741/?ref_=bo_ydw_table_7,24.9,75.1,Comic-book superhero,2016–2019,True
7459,2018,8,Mission: Impossible - Fallout,791115104,220159104.0,27.8%,570956000.0,72.2%,https://www.boxofficemojo.com/releasegroup/gr248533509/?ref_=bo_ydw_table_8,27.8,72.2,Action and service hero,2016–2019,True
7460,2018,9,Deadpool 2,734546611,318491426.0,43.4%,416055185.0,56.6%,https://www.boxofficemojo.com/releasegroup/gr262820357/?ref_=bo_ydw_table_9,43.4,56.6,Comic-book superhero,2016–2019,True
7461,2018,10,Fantastic Beasts: The Crimes of Grindelwald,655755901,159555901.0,24.3%,496200000.0,75.7%,https://www.boxofficemojo.com/releasegroup/gr3275837957/?ref_=bo_ydw_table_10,24.3,75.7,Fantasy saga,2016–2019,True
7462,2018,11,Ant-Man and the Wasp,622674139,216648740.0,34.8%,406025399.0,65.2%,https://www.boxofficemojo.com/releasegroup/gr869618181/?ref_=bo_ydw_table_11,34.8,65.2,Comic-book superhero,2016–2019,True
7463,2018,12,Ready Player One,583490172,137690172.0,23.6%,445800000.0,76.4%,https://www.boxofficemojo.com/releasegroup/gr1211716101/?ref_=bo_ydw_table_12,23.6,76.4,Outside the serial-world dictionary,2016–2019,False
7464,2018,13,Operation Red Sea,579330426,1543547.0,0.3%,577786879.0,99.7%,https://www.boxofficemojo.com/releasegroup/gr2180010501/?ref_=bo_ydw_table_13,0.3,99.7,Action and service hero,2016–2019,True
7465,2018,14,Detective Chinatown 2,544185156,1983984.0,0.4%,542201172.0,99.6%,https://www.boxofficemojo.com/releasegroup/gr3093189125/?ref_=bo_ydw_table_14,0.4,99.6,Action and service hero,2016–2019,True
7466,2018,15,Ralph Breaks the Internet,529323962,201091711.0,38%,328232251.0,62%,https://www.boxofficemojo.com/releasegroup/gr4200485381/?ref_=bo_ydw_table_15,38.0,62.0,Outside the serial-world dictionary,2016–2019,False
7467,2018,16,The Meg,529243742,145443742.0,27.5%,383800000.0,72.5%,https://www.boxofficemojo.com/releasegroup/gr214127109/?ref_=bo_ydw_table_16,27.5,72.5,Fantasy saga,2016–2019,True
7468,2018,17,Hotel Transylvania 3: Summer Vacation,528583774,167510016.0,31.7%,361073758.0,68.3%,https://www.boxofficemojo.com/releasegroup/gr4181873157/?ref_=bo_ydw_table_17,31.7,68.3,Animated and family hero,2016–2019,True
7469,2018,18,The Grinch,512715682,271740675.0,53%,240975007.0,47%,https://www.boxofficemojo.com/releasegroup/gr1661227525/?ref_=bo_ydw_table_18,53.0,47.0,Animated and family hero,2016–2019,True
7470,2018,19,Bumblebee,467989645,127195589.0,27.2%,340794056.0,72.8%,https://www.boxofficemojo.com/releasegroup/gr2098156037/?ref_=bo_ydw_table_19,27.2,72.8,Outside the serial-world dictionary,2016–2019,False
7471,2018,20,Dying to Survive,451176639,,,451176639.0,100%,https://www.boxofficemojo.com/releasegroup/gr3524612613/?ref_=bo_ydw_table_20,,100.0,Outside the serial-world dictionary,2016–2019,False
7652,2019,1,Avengers: Endgame,2799439100,858373000.0,30.7%,1941066100.0,69.3%,https://www.boxofficemojo.com/releasegroup/gr3511898629/?ref_=bo_ydw_table_1,30.7,69.3,Comic-book superhero,2016–2019,True
7653,2019,2,The Lion King,1656943394,543638043.0,32.8%,1113305351.0,67.2%,https://www.boxofficemojo.com/releasegroup/gr403788293/?ref_=bo_ydw_table_2,32.8,67.2,Animated and family hero,2016–2019,True
7654,2019,3,Frozen II,1450026933,477373578.0,32.9%,972653355.0,67.1%,https://www.boxofficemojo.com/releasegroup/gr1030181381/?ref_=bo_ydw_table_3,32.9,67.1,Animated and family hero,2016–2019,True
7655,2019,4,Spider-Man: Far from Home,1131927996,390532085.0,34.5%,741395911.0,65.5%,https://www.boxofficemojo.com/releasegroup/gr1825526277/?ref_=bo_ydw_table_4,34.5,65.5,Comic-book superhero,2016–2019,True
7656,2019,5,Captain Marvel,1128274794,426829839.0,37.8%,701444955.0,62.2%,https://www.boxofficemojo.com/releasegroup/gr3085718021/?ref_=bo_ydw_table_5,37.8,62.2,Outside the serial-world dictionary,2016–2019,False
7657,2019,6,Joker,1078751311,335451311.0,31.1%,743300000.0,68.9%,https://www.boxofficemojo.com/releasegroup/gr4123480581/?ref_=bo_ydw_table_6,31.1,68.9,Comic-book superhero,2016–2019,True
7658,2019,7,Star Wars: Episode IX - The Rise of Skywalker,1074144248,515202542.0,48%,558941706.0,52%,https://www.boxofficemojo.com/releasegroup/gr2303480325/?ref_=bo_ydw_table_7,48.0,52.0,Fantasy saga,2016–2019,True
7659,2019,8,Toy Story 4,1073394593,434038008.0,40.4%,639356585.0,59.6%,https://www.boxofficemojo.com/releasegroup/gr2366394885/?ref_=bo_ydw_table_8,40.4,59.6,Animated and family hero,2016–2019,True
7660,2019,9,Aladdin,1050693953,355559216.0,33.8%,695134737.0,66.2%,https://www.boxofficemojo.com/releasegroup/gr2669236741/?ref_=bo_ydw_table_9,33.8,66.2,Animated and family hero,2016–2019,True
7661,2019,10,Jumanji: The Next Level,801693929,320314960.0,40%,481378969.0,60%,https://www.boxofficemojo.com/releasegroup/gr2719109637/?ref_=bo_ydw_table_10,40.0,60.0,Fantasy saga,2016–2019,True
7662,2019,11,Fast & Furious Presents: Hobbs & Shaw,760732926,173956935.0,22.9%,586775991.0,77.1%,https://www.boxofficemojo.com/releasegroup/gr423973381/?ref_=bo_ydw_table_11,22.9,77.1,Action and service hero,2016–2019,True
7663,2019,12,Ne Zha,725920658,3695533.0,0.5%,722225125.0,99.5%,https://www.boxofficemojo.com/releasegroup/gr3953807877/?ref_=bo_ydw_table_12,0.5,99.5,Fantasy saga,2016–2019,True
7664,2019,13,The Wandering Earth,699856699,5971413.0,0.9%,693885286.0,99.1%,https://www.boxofficemojo.com/releasegroup/gr2718781957/?ref_=bo_ydw_table_13,0.9,99.1,Fantasy saga,2016–2019,True
7665,2019,14,How to Train Your Dragon: The Hidden World,521799505,160799505.0,30.8%,361000000.0,69.2%,https://www.boxofficemojo.com/releasegroup/gr2553172485/?ref_=bo_ydw_table_14,30.8,69.2,Animated and family hero,2016–2019,True
7666,2019,15,Maleficent: Mistress of Evil,491730089,113929605.0,23.2%,377800484.0,76.8%,https://www.boxofficemojo.com/releasegroup/gr2536985093/?ref_=bo_ydw_table_15,23.2,76.8,Outside the serial-world dictionary,2016–2019,False
7667,2019,16,It: Chapter Two,473093228,211593228.0,44.7%,261500000.0,55.3%,https://www.boxofficemojo.com/releasegroup/gr3159511557/?ref_=bo_ydw_table_16,44.7,55.3,Other serial narrative world,2016–2019,True
7668,2019,17,"My People, My Country",450064993,2356683.0,0.5%,447708310.0,99.5%,https://www.boxofficemojo.com/releasegroup/gr902124037/?ref_=bo_ydw_table_17,0.5,99.5,Action and service hero,2016–2019,True
7669,2019,18,Pokémon: Detective Pikachu,433305346,144105346.0,33.3%,289200000.0,66.7%,https://www.boxofficemojo.com/releasegroup/gr3275444741/?ref_=bo_ydw_table_18,33.3,66.7,Animated and family hero,2016–2019,True
7670,2019,19,The Secret Life of Pets 2,431164459,158980250.0,36.9%,272184209.0,63.1%,https://www.boxofficemojo.com/releasegroup/gr2298958341/?ref_=bo_ydw_table_19,36.9,63.1,Animated and family hero,2016–2019,True
7671,2019,20,The Captain,417863545,706572.0,0.2%,417156973.0,99.8%,https://www.boxofficemojo.com/releasegroup/gr107893253/?ref_=bo_ydw_table_20,0.2,99.8,Outside the serial-world dictionary,2016–2019,False
7852,2020,1,Demon Slayer: Kimetsu no Yaiba - The Movie: Mugen Train,472162520,49505008.0,10.5%,422657512.0,89.5%,https://www.boxofficemojo.com/releasegroup/gr2409976325/?ref_=bo_ydw_table_1,10.5,89.5,Fantasy saga,2020–2021,True
7853,2020,2,The Eight Hundred,461421559,372755.0,<0.1%,461048804.0,99.9%,https://www.boxofficemojo.com/releasegroup/gr832590341/?ref_=bo_ydw_table_2,0.1,99.9,Action and service hero,2020–2021,True
7854,2020,3,Bad Boys for Life,426505244,206305244.0,48.4%,220200000.0,51.6%,https://www.boxofficemojo.com/releasegroup/gr3944174085/?ref_=bo_ydw_table_3,48.4,51.6,Action and service hero,2020–2021,True
7855,2020,4,"My People, My Homeland",422390820,,,422390820.0,100%,https://www.boxofficemojo.com/releasegroup/gr1571181061/?ref_=bo_ydw_table_4,,100.0,Action and service hero,2020–2021,True
7856,2020,5,Tenet,365304105,58504105.0,16%,306800000.0,84%,https://www.boxofficemojo.com/releasegroup/gr418796037/?ref_=bo_ydw_table_5,16.0,84.0,Outside the serial-world dictionary,2020–2021,False
7857,2020,6,Sonic the Hedgehog,319715683,148974665.0,46.6%,170741018.0,53.4%,https://www.boxofficemojo.com/releasegroup/gr2707509765/?ref_=bo_ydw_table_6,46.6,53.4,Animated and family hero,2020–2021,True
7858,2020,7,Dolittle,251410631,77047065.0,30.6%,174363566.0,69.4%,https://www.boxofficemojo.com/releasegroup/gr888885765/?ref_=bo_ydw_table_7,30.6,69.4,Outside the serial-world dictionary,2020–2021,False
7859,2020,8,Jiang Ziya,240646355,214670.0,<0.1%,240431685.0,99.9%,https://www.boxofficemojo.com/releasegroup/gr3786166789/?ref_=bo_ydw_table_8,0.1,99.9,Outside the serial-world dictionary,2020–2021,False
7860,2020,9,A Little Red Flower,216000000,,,216000000.0,100%,https://www.boxofficemojo.com/releasegroup/gr2243580421/?ref_=bo_ydw_table_9,,100.0,Outside the serial-world dictionary,2020–2021,False
7861,2020,10,The Croods: A New Age,215905815,58568815.0,27.1%,157337000.0,72.9%,https://www.boxofficemojo.com/releasegroup/gr3240120837/?ref_=bo_ydw_table_10,27.1,72.9,Animated and family hero,2020–2021,True
7862,2020,11,Birds of Prey and the Fantabulous Emancipation of One Harley Quinn,205358461,84158461.0,41%,121200000.0,59%,https://www.boxofficemojo.com/releasegroup/gr1265914373/?ref_=bo_ydw_table_11,41.0,59.0,Comic-book superhero,2020–2021,True
7863,2020,12,Chak dan juen ga 2,198921659,,,198921659.0,100%,https://www.boxofficemojo.com/releasegroup/gr2797228549/?ref_=bo_ydw_table_12,,100.0,Outside the serial-world dictionary,2020–2021,False
7864,2020,13,Wonder Woman 1984,169601036,46801036.0,27.6%,122800000.0,72.4%,https://www.boxofficemojo.com/releasegroup/gr1373065733/?ref_=bo_ydw_table_13,27.6,72.4,Comic-book superhero,2020–2021,True
7865,2020,14,The Sacrifice,161047608,,,161047608.0,100%,https://www.boxofficemojo.com/releasegroup/gr2107986437/?ref_=bo_ydw_table_14,,100.0,Outside the serial-world dictionary,2020–2021,False
7866,2020,15,The Invisible Man,144492724,70410000.0,48.7%,74082724.0,51.3%,https://www.boxofficemojo.com/releasegroup/gr3538178565/?ref_=bo_ydw_table_15,48.7,51.3,Outside the serial-world dictionary,2020–2021,False
7867,2020,16,Onward,141914643,61555145.0,43.4%,80359498.0,56.6%,https://www.boxofficemojo.com/releasegroup/gr883905029/?ref_=bo_ydw_table_16,43.4,56.6,Outside the serial-world dictionary,2020–2021,False
7868,2020,17,Warm Hug,129240236,,,129240236.0,100%,https://www.boxofficemojo.com/releasegroup/gr2595901957/?ref_=bo_ydw_table_17,,100.0,Outside the serial-world dictionary,2020–2021,False
7869,2020,18,Soul,121903885,946154.0,0.8%,120957731.0,99.2%,https://www.boxofficemojo.com/releasegroup/gr2955039237/?ref_=bo_ydw_table_18,0.8,99.2,Outside the serial-world dictionary,2020–2021,False
7870,2020,19,The Call of the Wild,111166669,62342368.0,56.1%,48824301.0,43.9%,https://www.boxofficemojo.com/releasegroup/gr725766661/?ref_=bo_ydw_table_19,56.1,43.9,Outside the serial-world dictionary,2020–2021,False
7871,2020,20,Caught in Time,80543319,,,80543319.0,100%,https://www.boxofficemojo.com/releasegroup/gr967070213/?ref_=bo_ydw_table_20,,100.0,Outside the serial-world dictionary,2020–2021,False
8052,2021,1,Spider-Man: No Way Home,1910982770,804793477.0,42.1%,1106189293.0,57.9%,https://www.boxofficemojo.com/releasegroup/gr3957150213/?ref_=bo_ydw_table_1,42.1,57.9,Comic-book superhero,2020–2021,True
8053,2021,2,The Battle at Lake Changjin,902548476,342411.0,<0.1%,902206065.0,100%,https://www.boxofficemojo.com/releasegroup/gr3283177989/?ref_=bo_ydw_table_2,0.1,100.0,Action and service hero,2020–2021,True
8054,2021,3,"Hi, Mom",822009764,,,822009764.0,100%,https://www.boxofficemojo.com/releasegroup/gr565793285/?ref_=bo_ydw_table_3,,100.0,Outside the serial-world dictionary,2020–2021,False
8055,2021,4,No Time to Die,774153007,160891007.0,20.8%,613262000.0,79.2%,https://www.boxofficemojo.com/releasegroup/gr1812943365/?ref_=bo_ydw_table_4,20.8,79.2,Action and service hero,2020–2021,True
8056,2021,5,F9: The Fast Saga,726229501,173005945.0,23.8%,553223556.0,76.2%,https://www.boxofficemojo.com/releasegroup/gr1590448645/?ref_=bo_ydw_table_5,23.8,76.2,Action and service hero,2020–2021,True
8057,2021,6,Detective Chinatown 3,686257563,,,686257563.0,100%,https://www.boxofficemojo.com/releasegroup/gr2745979397/?ref_=bo_ydw_table_6,,100.0,Action and service hero,2020–2021,True
8058,2021,7,Venom: Let There Be Carnage,506813864,213550366.0,42.1%,293263498.0,57.9%,https://www.boxofficemojo.com/releasegroup/gr2560774661/?ref_=bo_ydw_table_7,42.1,57.9,Comic-book superhero,2020–2021,True
8059,2021,8,Godzilla vs. Kong,470116094,100916094.0,21.5%,369200000.0,78.5%,https://www.boxofficemojo.com/releasegroup/gr3306770949/?ref_=bo_ydw_table_8,21.5,78.5,Fantasy saga,2020–2021,True
8060,2021,9,Shang-Chi and the Legend of the Ten Rings,432243292,224543292.0,51.9%,207700000.0,48.1%,https://www.boxofficemojo.com/releasegroup/gr1414156805/?ref_=bo_ydw_table_9,51.9,48.1,Comic-book superhero,2020–2021,True
8061,2021,10,Sing 2,408702234,162790990.0,39.8%,245911244.0,60.2%,https://www.boxofficemojo.com/releasegroup/gr3571732997/?ref_=bo_ydw_table_10,39.8,60.2,Animated and family hero,2020–2021,True
8062,2021,11,Dune,402127830,108327830.0,26.9%,293800000.0,73.1%,https://www.boxofficemojo.com/releasegroup/gr3833549317/?ref_=bo_ydw_table_11,26.9,73.1,Fantasy saga,2020–2021,True
8063,2021,12,Eternals,402064899,164870234.0,41%,237194665.0,59%,https://www.boxofficemojo.com/releasegroup/gr1431196165/?ref_=bo_ydw_table_12,41.0,59.0,Comic-book superhero,2020–2021,True
8064,2021,13,Black Widow,379751655,183651655.0,48.4%,196100000.0,51.6%,https://www.boxofficemojo.com/releasegroup/gr321081861/?ref_=bo_ydw_table_13,48.4,51.6,Comic-book superhero,2020–2021,True
8065,2021,14,Free Guy,331526598,121626598.0,36.7%,209900000.0,63.3%,https://www.boxofficemojo.com/releasegroup/gr642011653/?ref_=bo_ydw_table_14,36.7,63.3,Outside the serial-world dictionary,2020–2021,False
8066,2021,15,A Quiet Place Part II,297372261,160072261.0,53.8%,137300000.0,46.2%,https://www.boxofficemojo.com/releasegroup/gr3159642629/?ref_=bo_ydw_table_15,53.8,46.2,Other serial narrative world,2020–2021,True
8067,2021,16,Encanto,256786742,96093622.0,37.4%,160693120.0,62.6%,https://www.boxofficemojo.com/releasegroup/gr2581352965/?ref_=bo_ydw_table_16,37.4,62.6,Animated and family hero,2020–2021,True
8068,2021,17,Cruella,233503234,86103234.0,36.9%,147400000.0,63.1%,https://www.boxofficemojo.com/releasegroup/gr2221298181/?ref_=bo_ydw_table_17,36.9,63.1,Outside the serial-world dictionary,2020–2021,False
8069,2021,18,"My Country, My Parents",221831086,177133.0,<0.1%,221653953.0,99.9%,https://www.boxofficemojo.com/releasegroup/gr1488015877/?ref_=bo_ydw_table_18,0.1,99.9,Outside the serial-world dictionary,2020–2021,False
8070,2021,19,Jungle Cruise,220889446,116987516.0,53%,103901930.0,47%,https://www.boxofficemojo.com/releasegroup/gr2841661957/?ref_=bo_ydw_table_19,53.0,47.0,Outside the serial-world dictionary,2020–2021,False
8071,2021,20,The Conjuring: The Devil Made Me Do It,206431050,65631050.0,31.8%,140800000.0,68.2%,https://www.boxofficemojo.com/releasegroup/gr3168489989/?ref_=bo_ydw_table_20,31.8,68.2,Other serial narrative world,2020–2021,True
8252,2022,1,Avatar: The Way of Water,2320631329,684075767.0,29.5%,1636555562.0,70.5%,https://www.boxofficemojo.com/releasegroup/gr1943818757/?ref_=bo_ydw_table_1,29.5,70.5,Fantasy saga,2022–2025,True
8253,2022,2,Top Gun: Maverick,1495696292,718732821.0,48.1%,776963471.0,51.9%,https://www.boxofficemojo.com/releasegroup/gr1928614405/?ref_=bo_ydw_table_2,48.1,51.9,Action and service hero,2022–2025,True
8254,2022,3,Jurassic World: Dominion,1001978080,376851080.0,37.6%,625127000.0,62.4%,https://www.boxofficemojo.com/releasegroup/gr1700221445/?ref_=bo_ydw_table_3,37.6,62.4,Fantasy saga,2022–2025,True
8255,2022,4,Doctor Strange in the Multiverse of Madness,955775804,411331607.0,43%,544444197.0,57%,https://www.boxofficemojo.com/releasegroup/gr535450117/?ref_=bo_ydw_table_4,43.0,57.0,Comic-book superhero,2022–2025,True
8256,2022,5,Minions: The Rise of Gru,940482695,370549695.0,39.4%,569933000.0,60.6%,https://www.boxofficemojo.com/releasegroup/gr101863941/?ref_=bo_ydw_table_5,39.4,60.6,Animated and family hero,2022–2025,True
8257,2022,6,Black Panther: Wakanda Forever,859208836,453829060.0,52.8%,405379776.0,47.2%,https://www.boxofficemojo.com/releasegroup/gr1340101125/?ref_=bo_ydw_table_6,52.8,47.2,Comic-book superhero,2022–2025,True
8258,2022,7,The Batman,772245583,369345583.0,47.8%,402900000.0,52.2%,https://www.boxofficemojo.com/releasegroup/gr2204258821/?ref_=bo_ydw_table_7,47.8,52.2,Comic-book superhero,2022–2025,True
8259,2022,8,Thor: Love and Thunder,760928081,343256830.0,45.1%,417671251.0,54.9%,https://www.boxofficemojo.com/releasegroup/gr4235022853/?ref_=bo_ydw_table_8,45.1,54.9,Comic-book superhero,2022–2025,True
8260,2022,9,Water Gate Bridge,626571697,117294.0,<0.1%,626454403.0,100%,https://www.boxofficemojo.com/releasegroup/gr1505055237/?ref_=bo_ydw_table_9,0.1,100.0,Action and service hero,2022–2025,True
8261,2022,10,Puss in Boots: The Last Wish,480466413,186090535.0,38.7%,294375878.0,61.3%,https://www.boxofficemojo.com/releasegroup/gr3300413957/?ref_=bo_ydw_table_10,38.7,61.3,Animated and family hero,2022–2025,True
8262,2022,11,Moon Man,460237662,,,460237662.0,100%,https://www.boxofficemojo.com/releasegroup/gr915165701/?ref_=bo_ydw_table_11,,100.0,Outside the serial-world dictionary,2022–2025,False
8263,2022,12,Fantastic Beasts: The Secrets of Dumbledore,407150844,95850844.0,23.5%,311300000.0,76.5%,https://www.boxofficemojo.com/releasegroup/gr1221480965/?ref_=bo_ydw_table_12,23.5,76.5,Fantasy saga,2022–2025,True
8264,2022,13,Uncharted,407141258,148648820.0,36.5%,258492438.0,63.5%,https://www.boxofficemojo.com/releasegroup/gr3224261125/?ref_=bo_ydw_table_13,36.5,63.5,Outside the serial-world dictionary,2022–2025,False
8265,2022,14,Sonic the Hedgehog 2,405421518,190872904.0,47.1%,214548614.0,52.9%,https://www.boxofficemojo.com/releasegroup/gr614552069/?ref_=bo_ydw_table_14,47.1,52.9,Animated and family hero,2022–2025,True
8266,2022,15,Black Adam,393452111,168152111.0,42.7%,225300000.0,57.3%,https://www.boxofficemojo.com/releasegroup/gr800018949/?ref_=bo_ydw_table_15,42.7,57.3,Outside the serial-world dictionary,2022–2025,False
8267,2022,16,Elvis,287740048,151040048.0,52.5%,136700000.0,47.5%,https://www.boxofficemojo.com/releasegroup/gr4112339461/?ref_=bo_ydw_table_16,52.5,47.5,Outside the serial-world dictionary,2022–2025,False
8268,2022,17,The Bad Guys,250387888,97459240.0,38.9%,152928648.0,61.1%,https://www.boxofficemojo.com/releasegroup/gr636375557/?ref_=bo_ydw_table_17,38.9,61.1,Animated and family hero,2022–2025,True
8269,2022,18,Lighting up the Stars,250056873,,,250056873.0,100%,https://www.boxofficemojo.com/releasegroup/gr562909701/?ref_=bo_ydw_table_18,,100.0,Outside the serial-world dictionary,2022–2025,False
8270,2022,19,The First Slam Dunk,246868956,1291869.0,0.5%,245577087.0,99.5%,https://www.boxofficemojo.com/releasegroup/gr512184837/?ref_=bo_ydw_table_19,0.5,99.5,Animated and family hero,2022–2025,True
8271,2022,20,Bullet Train,239268602,103368602.0,43.2%,135900000.0,56.8%,https://www.boxofficemojo.com/releasegroup/gr2109559301/?ref_=bo_ydw_table_20,43.2,56.8,Outside the serial-world dictionary,2022–2025,False
8452,2023,1,Barbie,1447138421,636238421.0,44%,810900000.0,56%,https://www.boxofficemojo.com/releasegroup/gr629756421/?ref_=bo_ydw_table_1,44.0,56.0,Outside the serial-world dictionary,2022–2025,False
8453,2023,2,The Super Mario Bros. Movie,1360783214,574934330.0,42.3%,785848884.0,57.7%,https://www.boxofficemojo.com/releasegroup/gr2226213381/?ref_=bo_ydw_table_2,42.3,57.7,Animated and family hero,2022–2025,True
8454,2023,3,Oppenheimer,975811333,330078895.0,33.8%,645732438.0,66.2%,https://www.boxofficemojo.com/releasegroup/gr531714565/?ref_=bo_ydw_table_3,33.8,66.2,Outside the serial-world dictionary,2022–2025,False
8455,2023,4,Guardians of the Galaxy Vol. 3,845555777,358995815.0,42.5%,486559962.0,57.5%,https://www.boxofficemojo.com/releasegroup/gr1455378949/?ref_=bo_ydw_table_4,42.5,57.5,Comic-book superhero,2022–2025,True
8456,2023,5,Fast X,704875015,146126015.0,20.7%,558749000.0,79.3%,https://www.boxofficemojo.com/releasegroup/gr1410486789/?ref_=bo_ydw_table_5,20.7,79.3,Outside the serial-world dictionary,2022–2025,False
8457,2023,6,Spider-Man: Across the Spider-Verse,690542303,381311319.0,55.2%,309230984.0,44.8%,https://www.boxofficemojo.com/releasegroup/gr3501150725/?ref_=bo_ydw_table_6,55.2,44.8,Comic-book superhero,2022–2025,True
8458,2023,7,Full River Red,670491959,,,670491959.0,100%,https://www.boxofficemojo.com/releasegroup/gr2694533637/?ref_=bo_ydw_table_7,,100.0,Outside the serial-world dictionary,2022–2025,False
8459,2023,8,Wonka,634502312,218402312.0,34.4%,416100000.0,65.6%,https://www.boxofficemojo.com/releasegroup/gr851071493/?ref_=bo_ydw_table_8,34.4,65.6,Outside the serial-world dictionary,2022–2025,False
8460,2023,9,The Wandering Earth II,615023132,5023132.0,0.8%,610000000.0,99.2%,https://www.boxofficemojo.com/releasegroup/gr25580037/?ref_=bo_ydw_table_9,0.8,99.2,Fantasy saga,2022–2025,True
8461,2023,10,Mission: Impossible - Dead Reckoning Part One,571125435,172640980.0,30.2%,398484455.0,69.8%,https://www.boxofficemojo.com/releasegroup/gr2916700677/?ref_=bo_ydw_table_10,30.2,69.8,Action and service hero,2022–2025,True
8462,2023,11,The Little Mermaid,569626289,298172056.0,52.3%,271454233.0,47.7%,https://www.boxofficemojo.com/releasegroup/gr951210501/?ref_=bo_ydw_table_11,52.3,47.7,Animated and family hero,2022–2025,True
8463,2023,12,No More Bets,532600264,,,532600264.0,100%,https://www.boxofficemojo.com/releasegroup/gr3332133381/?ref_=bo_ydw_table_12,,100.0,Outside the serial-world dictionary,2022–2025,False
8464,2023,13,Elemental,496444308,154426697.0,31.1%,342017611.0,68.9%,https://www.boxofficemojo.com/releasegroup/gr1501975045/?ref_=bo_ydw_table_13,31.1,68.9,Animated and family hero,2022–2025,True
8465,2023,14,Lost in the Stars,487637474,1721446.0,0.4%,485916028.0,99.6%,https://www.boxofficemojo.com/releasegroup/gr1771983365/?ref_=bo_ydw_table_14,0.4,99.6,Outside the serial-world dictionary,2022–2025,False
8466,2023,15,Ant-Man and the Wasp: Quantumania,476071180,214504909.0,45.1%,261566271.0,54.9%,https://www.boxofficemojo.com/releasegroup/gr1371492869/?ref_=bo_ydw_table_15,45.1,54.9,Comic-book superhero,2022–2025,True
8467,2023,16,John Wick: Chapter 4,447142521,187131806.0,41.9%,260010715.0,58.1%,https://www.boxofficemojo.com/releasegroup/gr1684427269/?ref_=bo_ydw_table_16,41.9,58.1,Action and service hero,2022–2025,True
8468,2023,17,Transformers: Rise of the Beasts,441656550,157341749.0,35.6%,284314801.0,64.4%,https://www.boxofficemojo.com/releasegroup/gr2443334149/?ref_=bo_ydw_table_17,35.6,64.4,Fantasy saga,2022–2025,True
8469,2023,18,Aquaman and the Lost Kingdom,440181226,124481226.0,28.3%,315700000.0,71.7%,https://www.boxofficemojo.com/releasegroup/gr1898140165/?ref_=bo_ydw_table_18,28.3,71.7,Comic-book superhero,2022–2025,True
8470,2023,19,Meg 2: The Trench,398500317,82600317.0,20.7%,315900000.0,79.3%,https://www.boxofficemojo.com/releasegroup/gr864768517/?ref_=bo_ydw_table_19,20.7,79.3,Fantasy saga,2022–2025,True
8471,2023,20,Indiana Jones and the Dial of Destiny,383963057,174480468.0,45.4%,209482589.0,54.6%,https://www.boxofficemojo.com/releasegroup/gr152719877/?ref_=bo_ydw_table_20,45.4,54.6,Action and service hero,2022–2025,True
8652,2024,1,Inside Out 2,1698863816,652980194.0,38.4%,1045883622.0,61.6%,https://www.boxofficemojo.com/releasegroup/gr2474856965/?ref_=bo_ydw_table_1,38.4,61.6,Animated and family hero,2022–2025,True
8653,2024,2,Deadpool & Wolverine,1338073645,636745858.0,47.6%,701327787.0,52.4%,https://www.boxofficemojo.com/releasegroup/gr1015239173/?ref_=bo_ydw_table_2,47.6,52.4,Comic-book superhero,2022–2025,True
8654,2024,3,Moana 2,1059242164,460405297.0,43.5%,598836867.0,56.5%,https://www.boxofficemojo.com/releasegroup/gr3446166277/?ref_=bo_ydw_table_3,43.5,56.5,Animated and family hero,2022–2025,True
8655,2024,4,Despicable Me 4,972021410,361004205.0,37.1%,611017205.0,62.9%,https://www.boxofficemojo.com/releasegroup/gr1052004869/?ref_=bo_ydw_table_4,37.1,62.9,Animated and family hero,2022–2025,True
8656,2024,5,Wicked,763963597,474983975.0,62.2%,288979622.0,37.8%,https://www.boxofficemojo.com/releasegroup/gr2907984389/?ref_=bo_ydw_table_5,62.2,37.8,Fantasy saga,2022–2025,True
8657,2024,6,Mufasa: The Lion King,722631756,254567693.0,35.2%,468064063.0,64.8%,https://www.boxofficemojo.com/releasegroup/gr816992773/?ref_=bo_ydw_table_6,35.2,64.8,Animated and family hero,2022–2025,True
8658,2024,7,Dune: Part Two,714844358,282144358.0,39.5%,432700000.0,60.5%,https://www.boxofficemojo.com/releasegroup/gr2058375685/?ref_=bo_ydw_table_7,39.5,60.5,Fantasy saga,2022–2025,True
8659,2024,8,Godzilla X Kong: The New Empire,572050016,196350016.0,34.3%,375700000.0,65.7%,https://www.boxofficemojo.com/releasegroup/gr2995671557/?ref_=bo_ydw_table_8,34.3,65.7,Fantasy saga,2022–2025,True
8660,2024,9,Kung Fu Panda 4,547946428,193590620.0,35.3%,354355808.0,64.7%,https://www.boxofficemojo.com/releasegroup/gr361583109/?ref_=bo_ydw_table_9,35.3,64.7,Animated and family hero,2022–2025,True
8661,2024,10,Sonic the Hedgehog 3,492162604,236115100.0,48%,256047504.0,52%,https://www.boxofficemojo.com/releasegroup/gr596464133/?ref_=bo_ydw_table_10,48.0,52.0,Animated and family hero,2022–2025,True
8662,2024,11,Venom: The Last Dance,478937618,139755882.0,29.2%,339181736.0,70.8%,https://www.boxofficemojo.com/releasegroup/gr1622168069/?ref_=bo_ydw_table_11,29.2,70.8,Comic-book superhero,2022–2025,True
8663,2024,12,Gladiator II,462180717,172438016.0,37.3%,289742701.0,62.7%,https://www.boxofficemojo.com/releasegroup/gr293949957/?ref_=bo_ydw_table_12,37.3,62.7,Outside the serial-world dictionary,2022–2025,False
8664,2024,13,Beetlejuice Beetlejuice,452000435,294100435.0,65.1%,157900000.0,34.9%,https://www.boxofficemojo.com/releasegroup/gr3784856069/?ref_=bo_ydw_table_13,65.1,34.9,Other serial narrative world,2022–2025,True
8665,2024,14,Yolo,433606094,2001584.0,0.5%,431604510.0,99.5%,https://www.boxofficemojo.com/releasegroup/gr1905545733/?ref_=bo_ydw_table_14,0.5,99.5,Outside the serial-world dictionary,2022–2025,False
8666,2024,15,Pegasus 2,422878491,,,422878491.0,100%,https://www.boxofficemojo.com/releasegroup/gr2677363205/?ref_=bo_ydw_table_15,,100.0,Outside the serial-world dictionary,2022–2025,False
8667,2024,16,Successor,422307398,,,422307398.0,100%,https://www.boxofficemojo.com/releasegroup/gr2657112837/?ref_=bo_ydw_table_16,,100.0,Outside the serial-world dictionary,2022–2025,False
8668,2024,17,Bad Boys: Ride or Die,404550184,193573217.0,47.8%,210976967.0,52.2%,https://www.boxofficemojo.com/releasegroup/gr127816197/?ref_=bo_ydw_table_17,47.8,52.2,Action and service hero,2022–2025,True
8669,2024,18,Kingdom of the Planet of the Apes,397378150,171130165.0,43.1%,226247985.0,56.9%,https://www.boxofficemojo.com/releasegroup/gr850547205/?ref_=bo_ydw_table_18,43.1,56.9,Fantasy saga,2022–2025,True
8670,2024,19,Twisters,372262265,267762265.0,71.9%,104500000.0,28.1%,https://www.boxofficemojo.com/releasegroup/gr3179696645/?ref_=bo_ydw_table_19,71.9,28.1,Outside the serial-world dictionary,2022–2025,False
8671,2024,20,It Ends with Us,351441044,148518266.0,42.3%,202922778.0,57.7%,https://www.boxofficemojo.com/releasegroup/gr2879279621/?ref_=bo_ydw_table_20,42.3,57.7,Outside the serial-world dictionary,2022–2025,False
8852,2025,1,Ne Zha 2,2270700370,23308176.0,1%,2247392194.0,99%,https://www.boxofficemojo.com/releasegroup/gr2405716741/?ref_=bo_ydw_table_1,1.0,99.0,Fantasy saga,2022–2025,True
8853,2025,2,Zootopia 2,1866647950,428130160.0,22.9%,1438517790.0,77.1%,https://www.boxofficemojo.com/releasegroup/gr2845135365/?ref_=bo_ydw_table_2,22.9,77.1,Animated and family hero,2022–2025,True
8854,2025,3,Avatar: Fire and Ash,1485999890,404340010.0,27.2%,1081659880.0,72.8%,https://www.boxofficemojo.com/releasegroup/gr2771014149/?ref_=bo_ydw_table_3,27.2,72.8,Fantasy saga,2022–2025,True
8855,2025,4,Lilo & Stitch,1038027526,423778855.0,40.8%,614248671.0,59.2%,https://www.boxofficemojo.com/releasegroup/gr1868714757/?ref_=bo_ydw_table_4,40.8,59.2,Animated and family hero,2022–2025,True
8856,2025,5,A Minecraft Movie,960387780,424087780.0,44.2%,536300000.0,55.8%,https://www.boxofficemojo.com/releasegroup/gr1926910469/?ref_=bo_ydw_table_5,44.2,55.8,Animated and family hero,2022–2025,True
8857,2025,6,Jurassic World: Rebirth,869146189,339640400.0,39.1%,529505789.0,60.9%,https://www.boxofficemojo.com/releasegroup/gr4002763269/?ref_=bo_ydw_table_6,39.1,60.9,Fantasy saga,2022–2025,True
8858,2025,7,Demon Slayer: Kimetsu No Yaiba Infinity Castle,793500039,136950340.0,17.3%,656549699.0,82.7%,https://www.boxofficemojo.com/releasegroup/gr342119173/?ref_=bo_ydw_table_7,17.3,82.7,Fantasy saga,2022–2025,True
8859,2025,8,How to Train Your Dragon,636596299,262958100.0,41.3%,373638199.0,58.7%,https://www.boxofficemojo.com/releasegroup/gr2474922501/?ref_=bo_ydw_table_8,41.3,58.7,Animated and family hero,2022–2025,True
8860,2025,9,F1: The Movie,634142436,189642436.0,29.9%,444500000.0,70.1%,https://www.boxofficemojo.com/releasegroup/gr4100936453/?ref_=bo_ydw_table_9,29.9,70.1,Outside the serial-world dictionary,2022–2025,False
8861,2025,10,Superman,618723803,354223803.0,57.3%,264500000.0,42.7%,https://www.boxofficemojo.com/releasegroup/gr746934789/?ref_=bo_ydw_table_10,57.3,42.7,Comic-book superhero,2022–2025,True
8862,2025,11,Mission: Impossible - The Final Reckoning,598767057,197413515.0,33%,401353542.0,67%,https://www.boxofficemojo.com/releasegroup/gr1885491717/?ref_=bo_ydw_table_11,33.0,67.0,Action and service hero,2022–2025,True
8863,2025,12,Wicked: For Good,540808464,342915090.0,63.4%,197893374.0,36.6%,https://www.boxofficemojo.com/releasegroup/gr1233736197/?ref_=bo_ydw_table_12,63.4,36.6,Fantasy saga,2022–2025,True
8864,2025,13,The Fantastic Four: First Steps,521858728,274286610.0,52.6%,247572118.0,47.4%,https://www.boxofficemojo.com/releasegroup/gr2727170565/?ref_=bo_ydw_table_13,52.6,47.4,Comic-book superhero,2022–2025,True
8865,2025,14,Detective Chinatown 1900,500282092,2229946.0,0.4%,498052146.0,99.6%,https://www.boxofficemojo.com/releasegroup/gr258298629/?ref_=bo_ydw_table_14,0.4,99.6,Action and service hero,2022–2025,True
8866,2025,15,The Conjuring: Last Rites,499256445,177756445.0,35.6%,321500000.0,64.4%,https://www.boxofficemojo.com/releasegroup/gr3044233989/?ref_=bo_ydw_table_15,35.6,64.4,Other serial narrative world,2022–2025,True
8867,2025,16,Dead to Rights,422789550,,,422789550.0,100%,https://www.boxofficemojo.com/releasegroup/gr3229373189/?ref_=bo_ydw_table_16,,100.0,Outside the serial-world dictionary,2022–2025,False
8868,2025,17,Captain America: Brave New World,415101577,200500001.0,48.3%,214601576.0,51.7%,https://www.boxofficemojo.com/releasegroup/gr2894942725/?ref_=bo_ydw_table_17,48.3,51.7,Comic-book superhero,2022–2025,True
8869,2025,18,The Housemaid,400487421,126432462.0,31.6%,274054959.0,68.4%,https://www.boxofficemojo.com/releasegroup/gr3966128901/?ref_=bo_ydw_table_18,31.6,68.4,Outside the serial-world dictionary,2022–2025,False
8870,2025,19,Thunderbolts*,382436917,190274328.0,49.8%,192162589.0,50.2%,https://www.boxofficemojo.com/releasegroup/gr2911719941/?ref_=bo_ydw_table_19,49.8,50.2,Comic-book superhero,2022–2025,True
8871,2025,20,Sinners,370489632,279989632.0,75.6%,90500000.0,24.4%,https://www.boxofficemojo.com/releasegroup/gr3429585669/?ref_=bo_ydw_table_20,75.6,24.4,Outside the serial-world dictionary,2022–2025,False
